seq_id,combo,count
ref_ma_gne,LLYMVYA,13
0_X5DWGR_1,,49
1_X5DWGR_1,LLYAVY,2
2_X5DWGR_1,IIFVVWV,2
3_X5DWGR_1,LLYTVYC,4
4_X5DWGR_1,LIFVS,1
5_X5DWGR_1,LLFLF,1
6_X5DWGR_1,LIYVAA,1
7_X5DWGR_1,AWA,2
8_X5DWGR_1,ILFLFWC,12
9_X5DWGR_1,S*NVYV,1
10_X5DWGR_1,,49
11_X5DWGR_1,LLYA,6
12_X5DWGR_1,LLYMVYA,13
13_X5DWGR_1,GLFI,5
14_X5DWGR_1,LLLM,1
15_X5DWGR_1,IIFVFWA,40
16_X5DWGR_1,F,1
17_X5DWGR_1,LLLV,2
18_X5DWGR_1,QLYIFWA,1
19_X5DWGR_1,IQRVFWA,1
20_X5DWGR_1,ILFAFWC,2
21_X5DWGR_1,ILFLFWC,12
22_X5DWGR_1,ILYTVYS,8
23_X5DWGR_1,MLPA,1
24_X5DWGR_1,MLYAFWA,7
25_X5DWGR_1,LLLAAWA,11
26_X5DWGR_1,LIFAFWC,53
27_X5DWGR_1,LLYASYV,12
28_X5DWGR_1,ILF,1
29_X5DWGR_1,LLFAFWA,6
30_X5DWGR_1,ILYAFYC,4
31_X5DWGR_1,LLFVVYV,6
32_X5DWGR_1,LLFLFWA,23
33_X5DWGR_1,,49
34_X5DWGR_1,LLFLFYV,3
35_X5DWGR_1,LLFAYA,1
36_X5DWGR_1,LLYAVWC,9
37_X5DWGR_1,MLFVFWC,3
38_X5DWGR_1,ILFW,1
39_X5DWGR_1,IIYAF,1
40_X5DWGR_1,LLYASYA,2
41_X5DWGR_1,IIF,1
42_X5DWGR_1,KLFLFYC,4
43_X5DWGR_1,LLFMFWC,70
44_X5DWGR_1,MLFAFYV,1
45_X5DWGR_1,LL,1
46_X5DWGR_1,LIYVA,1
47_X5DWGR_1,LLFMSWC,2
48_X5DWGR_1,IIFVVWC,4
49_X5DWGR_1,LLYAVYC,19
50_X5DWGR_1,,49
51_X5DWGR_1,ILYLFWC,3
52_X5DWGR_1,LLFLFWA,23
53_X5DWGR_1,LLLTVWC,3
54_X5DWGR_1,MLFASLA,1
55_X5DWGR_1,LLLLFWS,5
56_X5DWGR_1,MIFAVYV,5
57_X5DWGR_1,LIFAFWC,53
58_X5DWGR_1,MIFVFYA,2
59_X5DWGR_1,HLYTFWA,6
60_X5DWGR_1,PIFASWC,1
61_X5DWGR_1,LVYAFWC,1
62_X5DWGR_1,LLYLVYC,4
63_X5DWGR_1,LLYVF,1
64_X5DWGR_1,QLYTFYV,1
65_X5DWGR_1,LIFAFWC,53
66_X5DWGR_1,LLFMFYV,10
67_X5DWGR_1,,49
68_X5DWGR_1,MIFAAYV,1
69_X5DWGR_1,LLFLFWC,35
70_X5DWGR_1,LLFVFWA,9
71_X5DWGR_1,LILMFWC,1
72_X5DWGR_1,MLYA,1
73_X5DWGR_1,LLYASYC,19
74_X5DWGR_1,LLFMFWG,18
75_X5DWGR_1,MLFLFYA,1
76_X5DWGR_1,LLLAFWA,2
77_X5DWGR_1,IIFVFWC,30
78_X5DWGR_1,LLYASYC,19
79_X5DWGR_1,ILFMFYC,4
80_X5DWGR_1,ILFVFWA,8
81_X5DWGR_1,IILVFWC,2
82_X5DWGR_1,KLFLFWA,3
83_X5DWGR_1,LLYMFWS,21
84_X5DWGR_1,MIFAFWV,2
85_X5DWGR_1,ILYLFWA,9
86_X5DWGR_1,MIFVFWA,7
87_X5DWGR_1,LIYAFWC,12
88_X5DWGR_1,LLFM,1
89_X5DWGR_1,HLYTVWS,2
90_X5DWGR_1,IVFWS,1
91_X5DWGR_1,ILYAVWS,5
92_X5DWGR_1,LLFVFWC,22
93_X5DWGR_1,IIFVFWC,30
94_X5DWGR_1,LLLLVYA,1
95_X5DWGR_1,LLFLVWA,2
96_X5DWGR_1,LLFLFWV,6
97_X5DWGR_1,LLFMAYA,1
98_X5DWGR_1,QLYA,2
99_X5DWGR_1,LILASWC,2
100_X5DWGR_1,KLFLFWC,17
101_X5DWGR_1,IIFTFWC,13
102_X5DWGR_1,ILYAVWC,4
103_X5DWGR_1,LLYTVWC,13
104_X5DWGR_1,LLFVFWC,22
105_X5DWGR_1,LLLAAWA,11
106_X5DWGR_1,LLLMFWC,19
107_X5DWGR_1,,49
108_X5DWGR_1,LLYTFWV,2
109_X5DWGR_1,LLYTFYS,2
110_X5DWGR_1,QIYAFWL,1
111_X5DWGR_1,LIYVFYS,1
112_X5DWGR_1,LLFMFWA,22
113_X5DWGR_1,LLYTVWS,2
114_X5DWGR_1,QLYAFWG,1
115_X5DWGR_1,LILAFWC,24
116_X5DWGR_1,LLFVAWA,1
117_X5DWGR_1,LLYAFYA,2
118_X5DWGR_1,LLYPFYA,1
119_X5DWGR_1,LLYAFWC,31
120_X5DWGR_1,LLLALYC,1
121_X5DWGR_1,IIFVVYV,1
122_X5DWGR_1,LLYAVYC,19
123_X5DWGR_1,LLYAVYC,19
124_X5DWGR_1,DYAFYC,1
125_X5DWGR_1,LLFML*E,1
126_X5DWGR_1,QLYAVYS,1
127_X5DWGR_1,IIYVVWA,2
128_X5DWGR_1,LIFAFWC,53
129_X5DWGR_1,LLYASYV,12
130_X5DWGR_1,ILLMFWA,7
131_X5DWGR_1,LLFVFWC,22
132_X5DWGR_1,LIFAFWA,33
133_X5DWGR_1,LLLLVTC,1
134_X5DWGR_1,LLFLFW,1
135_X5DWGR_1,FWC,5
136_X5DWGR_1,QLYAF,1
137_X5DWGR_1,,49
138_X5DWGR_1,MIFLFWC,1
139_X5DWGR_1,LLLAAWA,11
140_X5DWGR_1,MLYASYV,20
141_X5DWGR_1,LLLLAYC,1
142_X5DWGR_1,LIYVVWC,4
143_X5DWGR_1,LLFASYV,4
144_X5DWGR_1,LLYTVWA,3
145_X5DWGR_1,LIYAFWV,10
146_X5DWGR_1,LLYVSWC,5
147_X5DWGR_1,IIYAFWA,10
148_X5DWGR_1,LIYAFWC,12
149_X5DWGR_1,LLLLFWC,3
150_X5DWGR_1,LLYAFWA,23
151_X5DWGR_1,LIFAFWA,33
152_X5DWGR_1,LLFMLGC,1
153_X5DWGR_1,ILYLFYC,2
154_X5DWGR_1,A,5
155_X5DWGR_1,LLYA,6
156_X5DWGR_1,PIYVVWS,1
157_X5DWGR_1,IIYAFWV,2
158_X5DWGR_1,QLYAYV,1
159_X5DWGR_1,LLFVFYG,3
160_X5DWGR_1,LLFAFWC,10
161_X5DWGR_1,LLFMFC,2
162_X5DWGR_1,LLYASYC,19
163_X5DWGR_1,LIFVFWA,13
164_X5DWGR_1,LIYVVWC,4
165_X5DWGR_1,ILYTFWA,1
166_X5DWGR_1,LIFAFWG,5
167_X5DWGR_1,LLLMFWC,19
168_X5DWGR_1,LLFAFWF,1
169_X5DWGR_1,FWS,3
170_X5DWGR_1,LLFMSYS,1
171_X5DWGR_1,FWA,3
172_X5DWGR_1,,49
173_X5DWGR_1,LIFAVWG,1
174_X5DWGR_1,LLFMAWA,4
175_X5DWGR_1,IIFVFWA,40
176_X5DWGR_1,LLFVFYC,7
177_X5DWGR_1,HLYAVWA,7
178_X5DWGR_1,LLYVFWA,3
179_X5DWGR_1,LLYMVYA,13
180_X5DWGR_1,MIFVFYC,11
181_X5DWGR_1,GLFI,5
182_X5DWGR_1,LLYTV,2
183_X5DWGR_1,LLLTFWC,6
184_X5DWGR_1,IIYVFYG,2
185_X5DWGR_1,LLYA,6
186_X5DWGR_1,LIYAVYC,16
187_X5DWGR_1,LLYAVYV,42
188_X5DWGR_1,LLYAVWA,7
189_X5DWGR_1,IFVVW,1
190_X5DWGR_1,ILYASYC,15
191_X5DWGR_1,MLFVFWC,3
192_X5DWGR_1,LLYASYC,19
193_X5DWGR_1,LLYTVYA,13
194_X5DWGR_1,LLFVFYC,7
195_X5DWGR_1,LIYVAWA,2
196_X5DWGR_1,LLYTVWC,13
197_X5DWGR_1,ILYLVWC,1
198_X5DWGR_1,HLYTFYV,1
199_X5DWGR_1,LLFMFWC,70
200_X5DWGR_1,MIFMFYC,1
201_X5DWGR_1,IIYAFYA,3
202_X5DWGR_1,LLFLFWA,23
203_X5DWGR_1,LLYAFWA,23
204_X5DWGR_1,LLYTVWC,13
205_X5DWGR_1,MIFAFWC,17
206_X5DWGR_1,VA,1
207_X5DWGR_1,FWA,3
208_X5DWGR_1,LIYVFWR,1
209_X5DWGR_1,LLYVFWC,10
210_X5DWGR_1,LLFMFWC,70
211_X5DWGR_1,LLYLAWS,1
212_X5DWGR_1,LLFMFWS,7
213_X5DWGR_1,LLYASY,2
214_X5DWGR_1,LLFMVYC,4
215_X5DWGR_1,LLYAFWC,31
216_X5DWGR_1,LLFTFWC,2
217_X5DWGR_1,ILYAVY,1
218_X5DWGR_1,LLFVVWC,4
219_X5DWGR_1,LLLVF,2
220_X5DWGR_1,LLYMFWS,21
221_X5DWGR_1,ILFV,1
222_X5DWGR_1,IIFVVWC,4
223_X5DWGR_1,LIYVFSC,1
224_X5DWGR_1,LLLAVYC,1
225_X5DWGR_1,LLFMVYV,6
226_X5DWGR_1,LLYAVYV,42
227_X5DWGR_1,LLYTVWC,13
228_X5DWGR_1,LLYAAWC,4
229_X5DWGR_1,VYC,2
230_X5DWGR_1,LLFMFWA,22
231_X5DWGR_1,LLLT,1
232_X5DWGR_1,LILAFWV,3
233_X5DWGR_1,IIYVFWV,3
234_X5DWGR_1,IRIAVYV,1
235_X5DWGR_1,,49
236_X5DWGR_1,LLFASWC,12
237_X5DWGR_1,LIYAFYC,3
238_X5DWGR_1,LFLLFWC,1
239_X5DWGR_1,LIYAVYA,1
240_X5DWGR_1,LLYMVYG,1
241_X5DWGR_1,LILTVWA,1
242_X5DWGR_1,KLFLFWV,1
243_X5DWGR_1,LLFMFWC,70
244_X5DWGR_1,HLYTFWV,1
245_X5DWGR_1,LIYVF,2
246_X5DWGR_1,,49
247_X5DWGR_1,AYFVFWV,1
248_X5DWGR_1,LLFVSYV,3
249_X5DWGR_1,LLYMVYA,13
250_X5DWGR_1,LLFMFWG,18
251_X5DWGR_1,LLFVAYC,1
252_X5DWGR_1,LLFMFWC,70
253_X5DWGR_1,LLFAAWC,2
254_X5DWGR_1,IILAFWC,4
255_X5DWGR_1,LIVFW,1
256_X5DWGR_1,LLFASWG,1
257_X5DWGR_1,LLYAFWA,23
258_X5DWGR_1,MIFAVYV,5
259_X5DWGR_1,IILTFYS,1
260_X5DWGR_1,ILYAFWA,2
261_X5DWGR_1,LLFAVWA,10
262_X5DWGR_1,LIFAVWS,1
263_X5DWGR_1,LLYTFWC,14
264_X5DWGR_1,LLLLFWA,14
265_X5DWGR_1,MVSVFYS,1
266_X5DWGR_1,LLFMFWA,22
267_X5DWGR_1,QLYAFWC,2
268_X5DWGR_1,LLYAVYV,42
269_X5DWGR_1,ILFLFWC,12
270_X5DWGR_1,,49
271_X5DWGR_1,LLLVFWA,27
272_X5DWGR_1,LLFMF,3
273_X5DWGR_1,IILAFWF,1
274_X5DWGR_1,LLLAFWC,7
275_X5DWGR_1,ILYAFWC,10
276_X5DWGR_1,LLLVFWC,13
277_X5DWGR_1,LIFVFWA,13
278_X5DWGR_1,PYVFWC,1
279_X5DWGR_1,LLFAVWC,22
280_X5DWGR_1,LLFVFYV,3
281_X5DWGR_1,IIFVFWC,30
282_X5DWGR_1,LLYVVYC,7
283_X5DWGR_1,ILYAS,3
284_X5DWGR_1,TLYASWS,1
285_X5DWGR_1,LLYTVYA,13
286_X5DWGR_1,LLFLSWA,1
287_X5DWGR_1,LIFVFWA,13
288_X5DWGR_1,LIYVSWA,1
289_X5DWGR_1,LLFFWC,2
290_X5DWGR_1,LLYAVWA,7
291_X5DWGR_1,LLYVFWV,1
292_X5DWGR_1,QLYAVYV,18
293_X5DWGR_1,IIFVFWD,1
294_X5DWGR_1,ILFLFWC,12
295_X5DWGR_1,MLYAFWC,8
296_X5DWGR_1,IIFTFWC,13
297_X5DWGR_1,SWC,2
298_X5DWGR_1,LIYVFWC,18
299_X5DWGR_1,QLYAVWC,7
300_X5DWGR_1,LLYAVYV,42
301_X5DWGR_1,LLFVAWC,2
302_X5DWGR_1,LIYTFYV,1
303_X5DWGR_1,LLFMFWC,70
304_X5DWGR_1,LAAWC,1
305_X5DWGR_1,LLYAVHG,1
306_X5DWGR_1,LLFASC,2
307_X5DWGR_1,MLYAVWA,3
308_X5DWGR_1,WR,1
309_X5DWGR_1,LIYVFWA,7
310_X5DWGR_1,LLYTAWC,2
311_X5DWGR_1,IILAFWC,4
312_X5DWGR_1,LLYAFWV,10
313_X5DWGR_1,QLYAVYV,18
314_X5DWGR_1,LLYASYC,19
315_X5DWGR_1,LLFVAWS,1
316_X5DWGR_1,LLYTFWG,1
317_X5DWGR_1,LLLAFWC,7
318_X5DWGR_1,LLYASYC,19
319_X5DWGR_1,IIFVF,1
320_X5DWGR_1,,49
321_X5DWGR_1,,49
322_X5DWGR_1,KLFLFWC,17
323_X5DWGR_1,LLYAA,1
324_X5DWGR_1,LLLVFYC,6
325_X5DWGR_1,LLFAVYS,2
326_X5DWGR_1,IIYTV,1
327_X5DWGR_1,MLYASYV,20
328_X5DWGR_1,QLYASWA,2
329_X5DWGR_1,LLFMFYV,10
330_X5DWGR_1,MIFAFWV,2
331_X5DWGR_1,ILFVFWA,8
332_X5DWGR_1,LLFMVWC,1
333_X5DWGR_1,MIFVSWC,1
334_X5DWGR_1,ILYTVYS,8
335_X5DWGR_1,LLYTVYV,21
336_X5DWGR_1,ILFAVWC,1
337_X5DWGR_1,VIFTFWC,1
338_X5DWGR_1,LLYAAWS,8
339_X5DWGR_1,LLYMAYR,1
340_X5DWGR_1,IIYVAYV,1
341_X5DWGR_1,MLYVFWA,1
342_X5DWGR_1,LLYAVYV,42
343_X5DWGR_1,IIFVFWA,40
344_X5DWGR_1,LLYAAWC,4
345_X5DWGR_1,LLFVVWG,1
346_X5DWGR_1,LLYAVYV,42
347_X5DWGR_1,LLYAS,2
348_X5DWGR_1,IIFTAWC,1
349_X5DWGR_1,ILYMFWC,4
350_X5DWGR_1,IIYAVWC,2
351_X5DWGR_1,LLYAAWS,8
352_X5DWGR_1,LLYMFYC,5
353_X5DWGR_1,LLYAVYA,12
354_X5DWGR_1,LLYTVYC,4
355_X5DWGR_1,LLFLFWA,23
356_X5DWGR_1,LIFAFWA,33
357_X5DWGR_1,MIFVVYC,3
358_X5DWGR_1,LLYVVYG,1
359_X5DWGR_1,LLYMVWC,2
360_X5DWGR_1,MIFAFWC,17
361_X5DWGR_1,HLMFWC,1
362_X5DWGR_1,LLFAFWV,3
363_X5DWGR_1,LLYMVWA,5
364_X5DWGR_1,ILFLFWA,3
365_X5DWGR_1,LLYTFWC,14
366_X5DWGR_1,LLFMFWC,70
367_X5DWGR_1,LLFASYV,4
368_X5DWGR_1,LLFMFWA,22
369_X5DWGR_1,LILAFWC,24
370_X5DWGR_1,ILYVFWA,1
371_X5DWGR_1,LLYMFWV,4
372_X5DWGR_1,LLYTVYA,13
373_X5DWGR_1,IILVFWA,5
374_X5DWGR_1,LLFAAWC,2
375_X5DWGR_1,ILYASYV,26
376_X5DWGR_1,LLFVFWC,22
377_X5DWGR_1,LIYVSWV,3
378_X5DWGR_1,LIFAFWC,53
379_X5DWGR_1,LLYMFWG,6
380_X5DWGR_1,LLLAVWA,2
381_X5DWGR_1,LIYAFWA,2
382_X5DWGR_1,LLYMVYA,13
383_X5DWGR_1,LLYASWG,4
384_X5DWGR_1,LLYTVYA,13
385_X5DWGR_1,LLFLFC,4
386_X5DWGR_1,QLYAVYV,18
387_X5DWGR_1,LIFVFY,1
388_X5DWGR_1,LLFMFWS,7
389_X5DWGR_1,LLFVFWC,22
390_X5DWGR_1,LLYTVYS,3
391_X5DWGR_1,ILAFWC,1
392_X5DWGR_1,LIYASWS,1
393_X5DWGR_1,LLYAVYV,42
394_X5DWGR_1,ILFVFG,1
395_X5DWGR_1,LIYVAWC,2
396_X5DWGR_1,LILAFYV,2
397_X5DWGR_1,LLYASWC,9
398_X5DWGR_1,ILYAVWA,5
399_X5DWGR_1,MIFASWS,1
400_X5DWGR_1,LLFMFWV,5
401_X5DWGR_1,LLFAVWC,22
402_X5DWGR_1,LLLMFWA,6
403_X5DWGR_1,LLYMFWS,21
404_X5DWGR_1,LLFMFWC,70
405_X5DWGR_1,HLYAVWC,1
406_X5DWGR_1,LLYTVYV,21
407_X5DWGR_1,LLYMFWS,21
408_X5DWGR_1,LLYAFWC,31
409_X5DWGR_1,LIFVFC,1
410_X5DWGR_1,IIFVVWA,2
411_X5DWGR_1,LILAFWC,24
412_X5DWGR_1,LLYASYC,19
413_X5DWGR_1,ILYASYV,26
414_X5DWGR_1,LLYAFWS,7
415_X5DWGR_1,HLYTVYC,5
416_X5DWGR_1,IIYTFWC,3
417_X5DWGR_1,LIFVVYV,2
418_X5DWGR_1,IIFVFWA,40
419_X5DWGR_1,LLYVFA,1
420_X5DWGR_1,,49
421_X5DWGR_1,LIFAAWC,5
422_X5DWGR_1,ILYASYV,26
423_X5DWGR_1,LIFA,4
424_X5DWGR_1,IIFTFWV,4
425_X5DWGR_1,LLFAFWC,10
426_X5DWGR_1,KLFLFWC,17
427_X5DWGR_1,LLYAVYV,42
428_X5DWGR_1,IIFVSWC,3
429_X5DWGR_1,LLFMFWA,22
430_X5DWGR_1,IIFTFWC,13
431_X5DWGR_1,,49
432_X5DWGR_1,ILYASYC,15
433_X5DWGR_1,LLYA,6
434_X5DWGR_1,LIFAFWC,53
435_X5DWGR_1,,49
436_X5DWGR_1,FWS,3
437_X5DWGR_1,LLYTFV,1
438_X5DWGR_1,MLYAVWV,1
439_X5DWGR_1,LLFVFWV,5
440_X5DWGR_1,LIFVFWC,11
441_X5DWGR_1,LLFMVYV,6
442_X5DWGR_1,W*YTFYA,1
443_X5DWGR_1,LLYAFWA,23
444_X5DWGR_1,IIFMFWS,1
445_X5DWGR_1,KLLFWG,1
446_X5DWGR_1,IIYAFWC,8
447_X5DWGR_1,IIFVFWA,40
448_X5DWGR_1,LLYMFWS,21
449_X5DWGR_1,IIFVFWC,30
450_X5DWGR_1,MIFVFYA,2
451_X5DWGR_1,LLYAFWC,31
452_X5DWGR_1,LIYVSYV,2
453_X5DWGR_1,LLYAVYV,42
454_X5DWGR_1,ILFMSYC,1
455_X5DWGR_1,LLYMFWC,14
456_X5DWGR_1,LLYADC,1
457_X5DWGR_1,LLFAAYC,1
458_X5DWGR_1,LLLMSWC,2
459_X5DWGR_1,LLYAFWC,31
460_X5DWGR_1,LLYTVYV,21
461_X5DWGR_1,LIYAVYC,16
462_X5DWGR_1,LLYAFWA,23
463_X5DWGR_1,LIFAFYC,19
464_X5DWGR_1,LLFVFWC,22
465_X5DWGR_1,ILYTFYC,1
466_X5DWGR_1,LIFVFWC,11
467_X5DWGR_1,LLLMFYC,4
468_X5DWGR_1,LIFAFWA,33
469_X5DWGR_1,IIFTFWV,4
470_X5DWGR_1,LLLTFYA,1
471_X5DWGR_1,HLYTVYV,6
472_X5DWGR_1,LIFAFWC,53
473_X5DWGR_1,LLYAVYA,12
474_X5DWGR_1,LLYA,6
475_X5DWGR_1,LLFMFWC,70
476_X5DWGR_1,LLFAVWC,22
477_X5DWGR_1,LIFASWC,2
478_X5DWGR_1,LLYAFWC,31
479_X5DWGR_1,LLFTSSA,1
480_X5DWGR_1,LLYAVYC,19
481_X5DWGR_1,IIFVFWV,6
482_X5DWGR_1,LLYAVYV,42
483_X5DWGR_1,LIYVFYC,2
484_X5DWGR_1,LLYAVYS,5
485_X5DWGR_1,LLYTVYS,3
486_X5DWGR_1,LIFAFWC,53
487_X5DWGR_1,MIFAVGC,1
488_X5DWGR_1,HLYTFWA,6
489_X5DWGR_1,ILFMFCS,1
490_X5DWGR_1,ILYAAYC,2
491_X5DWGR_1,ILFLFWC,12
492_X5DWGR_1,MLYASYV,20
493_X5DWGR_1,LIFAFWV,9
494_X5DWGR_1,IIFVFWS,3
495_X5DWGR_1,ILYTFWY,1
496_X5DWGR_1,LLFMFWG,18
497_X5DWGR_1,LLYMF*,1
498_X5DWGR_1,MILVFWC,1
499_X5DWGR_1,LLFLFWA,23
500_X5DWGR_1,ILFLFYS,1
501_X5DWGR_1,ILYLSYA,1
502_X5DWGR_1,LYAVYV,2
503_X5DWGR_1,ILYTVYC,2
504_X5DWGR_1,LLFASWC,12
505_X5DWGR_1,ILLMFWA,7
506_X5DWGR_1,MIFVVYC,3
507_X5DWGR_1,LLLAAWA,11
508_X5DWGR_1,LLLTFWC,6
509_X5DWGR_1,LIFVVYC,1
510_X5DWGR_1,IIYASWC,1
511_X5DWGR_1,LIYVFWC,18
512_X5DWGR_1,MIFVFYC,11
513_X5DWGR_1,HIYAFWC,1
514_X5DWGR_1,LLFMFYC,8
515_X5DWGR_1,LIFAFWA,33
516_X5DWGR_1,LIYAFYA,3
517_X5DWGR_1,LLLMFWV,3
518_X5DWGR_1,LLYMVYA,13
519_X5DWGR_1,LLYAVYV,42
520_X5DWGR_1,LLFMFWA,22
521_X5DWGR_1,LIFAFWA,33
522_X5DWGR_1,LIYAVYC,16
523_X5DWGR_1,ILFVFWA,8
524_X5DWGR_1,LLYAFC,2
525_X5DWGR_1,LIYVAWV,1
526_X5DWGR_1,ILFMFWS,9
527_X5DWGR_1,LLLMFWC,19
528_X5DWGR_1,LLYVVYC,7
529_X5DWGR_1,LLFMFWC,70
530_X5DWGR_1,LIFAFWC,53
531_X5DWGR_1,LLLAVLV,1
532_X5DWGR_1,HLYAVWA,7
533_X5DWGR_1,LLYTFWC,14
534_X5DWGR_1,LIFAFYG,1
535_X5DWGR_1,LLYMSYV,2
536_X5DWGR_1,LLYMVYA,13
537_X5DWGR_1,LLFMFWA,22
538_X5DWGR_1,ILFMFWC,5
539_X5DWGR_1,LLLLFCA,1
540_X5DWGR_1,LLFMFWC,70
541_X5DWGR_1,LLYAVWG,2
542_X5DWGR_1,C,10
543_X5DWGR_1,LLYASYV,12
544_X5DWGR_1,ILFVFWA,8
545_X5DWGR_1,ILYASYV,26
546_X5DWGR_1,MLYAFWA,7
547_X5DWGR_1,LLLLFYA,1
548_X5DWGR_1,LLFVFWC,22
549_X5DWGR_1,LLYLFWC,11
550_X5DWGR_1,QLYAFYC,2
551_X5DWGR_1,IIYAFWS,1
552_X5DWGR_1,LIYVAYC,13
553_X5DWGR_1,LIFVVWV,1
554_X5DWGR_1,LLYVFYC,5
555_X5DWGR_1,ILFAFYG,1
556_X5DWGR_1,QLYAVWA,5
557_X5DWGR_1,LILALYA,1
558_X5DWGR_1,LLFLFWC,35
559_X5DWGR_1,C,10
560_X5DWGR_1,LLYAVYV,42
561_X5DWGR_1,LLFMSYV,2
562_X5DWGR_1,LLYAFWS,7
563_X5DWGR_1,MIFVFWC,9
564_X5DWGR_1,MLYVVYA,2
565_X5DWGR_1,LLFVFYS,1
566_X5DWGR_1,LLLVFYA,3
567_X5DWGR_1,LLLAAYA,2
568_X5DWGR_1,LIYVSYC,3
569_X5DWGR_1,MLYAFYC,1
570_X5DWGR_1,LLYMFWS,21
571_X5DWGR_1,LIYVAYC,13
572_X5DWGR_1,MLFLVYV,1
573_X5DWGR_1,LLFMLWA,1
574_X5DWGR_1,LLLMFWC,19
575_X5DWGR_1,IIYVFYG,2
576_X5DWGR_1,LLYAAWC,4
577_X5DWGR_1,LLLMFYC,4
578_X5DWGR_1,LLYASYC,19
579_X5DWGR_1,LILAFWC,24
580_X5DWGR_1,ILFMFYV,2
581_X5DWGR_1,ILYAVWC,4
582_X5DWGR_1,LLFMFYV,10
583_X5DWGR_1,QLYAVWC,7
584_X5DWGR_1,LLYASYV,12
585_X5DWGR_1,MLFLFA,1
586_X5DWGR_1,MIFVFWF,1
587_X5DWGR_1,LLLVFWA,27
588_X5DWGR_1,ILFVFWC,3
589_X5DWGR_1,LLFVFWG,1
590_X5DWGR_1,TFSV,1
591_X5DWGR_1,LLYAFWA,23
592_X5DWGR_1,LLCAVYG,1
593_X5DWGR_1,IIYAFWC,8
594_X5DWGR_1,LLFTFWA,1
595_X5DWGR_1,LLFAVWC,22
596_X5DWGR_1,LLYAVYA,12
597_X5DWGR_1,LLFMFWC,70
598_X5DWGR_1,LLYASWV,17
599_X5DWGR_1,IIFVFWC,30
600_X5DWGR_1,LLYASWV,17
601_X5DWGR_1,LIYAAWA,1
602_X5DWGR_1,ILYASYS,3
603_X5DWGR_1,LLYAFWG,4
604_X5DWGR_1,LIFAFWS,3
605_X5DWGR_1,ILYASYV,26
606_X5DWGR_1,LLFAFYS,1
607_X5DWGR_1,LILAFWS,1
608_X5DWGR_1,IFVFW,1
609_X5DWGR_1,IIFTF,2
610_X5DWGR_1,LLFLFWC,35
611_X5DWGR_1,LLYASWG,4
612_X5DWGR_1,IIFVFWA,40
613_X5DWGR_1,LIYVFWC,18
614_X5DWGR_1,LLFAVSC,1
615_X5DWGR_1,LIFAAYV,1
616_X5DWGR_1,LIFAFWC,53
617_X5DWGR_1,LLFAVWC,22
618_X5DWGR_1,ALYLFWC,1
619_X5DWGR_1,IIYAFYC,9
620_X5DWGR_1,LILAFWC,24
621_X5DWGR_1,LIFAFWA,33
622_X5DWGR_1,IIFVAYA,1
623_X5DWGR_1,LILAFWA,3
624_X5DWGR_1,LLLVFYC,6
625_X5DWGR_1,LIYAFWV,10
626_X5DWGR_1,LIYAVWC,4
627_X5DWGR_1,LLYTSWC,2
628_X5DWGR_1,LLYVFYC,5
629_X5DWGR_1,ILYASYS,3
630_X5DWGR_1,LLFMVYC,4
631_X5DWGR_1,IIFVSWC,3
632_X5DWGR_1,MLLVFYC,1
633_X5DWGR_1,QLYAVWA,5
634_X5DWGR_1,IIFVFWA,40
635_X5DWGR_1,LILVFWC,2
636_X5DWGR_1,LLLLF,1
637_X5DWGR_1,LIFVFYV,4
638_X5DWGR_1,LLFMFYV,10
639_X5DWGR_1,MIFAFWA,10
640_X5DWGR_1,MLYASYV,20
641_X5DWGR_1,LLYAFWC,31
642_X5DWGR_1,LLYVVY,2
643_X5DWGR_1,IIYVFWC,3
644_X5DWGR_1,ILYAFWC,10
645_X5DWGR_1,LLYLAWA,1
646_X5DWGR_1,LIFVFWC,11
647_X5DWGR_1,LLYAFWV,10
648_X5DWGR_1,IIYAFWA,10
649_X5DWGR_1,ILYAAYC,2
650_X5DWGR_1,LLFVFWS,2
651_X5DWGR_1,LLYTVWC,13
652_X5DWGR_1,LLLMFWC,19
653_X5DWGR_1,ILYMFWC,4
654_X5DWGR_1,MLFAFYC,1
655_X5DWGR_1,LIFAVWC,4
656_X5DWGR_1,LLYAYWC,1
657_X5DWGR_1,LLFVVYV,6
658_X5DWGR_1,LLYASWV,17
659_X5DWGR_1,LILAFWC,24
660_X5DWGR_1,LLYTFWA,5
661_X5DWGR_1,MIFAVYV,5
662_X5DWGR_1,LLFASWA,4
663_X5DWGR_1,IIYVFWA,3
664_X5DWGR_1,ILFMFWS,9
665_X5DWGR_1,LIFAFYV,5
666_X5DWGR_1,MLYAFWC,8
667_X5DWGR_1,LLFLFWF,1
668_X5DWGR_1,LLFMFYS,1
669_X5DWGR_1,IIFMVWA,1
670_X5DWGR_1,LLYAFW,1
671_X5DWGR_1,IIFVFWA,40
672_X5DWGR_1,LLLTFWC,6
673_X5DWGR_1,HLYTVWA,1
674_X5DWGR_1,LLLMFWS,5
675_X5DWGR_1,LLFVAWG,1
676_X5DWGR_1,ILYAVYV,4
677_X5DWGR_1,LLYTVWC,13
678_X5DWGR_1,IILTAYC,1
679_X5DWGR_1,LILAFWC,24
680_X5DWGR_1,LLYAVYV,42
681_X5DWGR_1,ILLLFWA,1
682_X5DWGR_1,ILYLVWA,2
683_X5DWGR_1,LIFAFWA,33
684_X5DWGR_1,LLYTFWC,14
685_X5DWGR_1,LLYAFWA,23
686_X5DWGR_1,LLFVWV,1
687_X5DWGR_1,IIFVFWC,30
688_X5DWGR_1,LIYAFWC,12
689_X5DWGR_1,LLYMFWS,21
690_X5DWGR_1,LILAVYG,1
691_X5DWGR_1,LLYAFWV,10
692_X5DWGR_1,LLLMFWC,19
693_X5DWGR_1,LIFAFWC,53
694_X5DWGR_1,HLYTFYC,2
695_X5DWGR_1,LLYLFC,2
696_X5DWGR_1,ILFMFWA,5
697_X5DWGR_1,LIYAFYV,3
698_X5DWGR_1,LLYAFYC,9
699_X5DWGR_1,ILYMFWA,2
700_X5DWGR_1,LLYLFWC,11
701_X5DWGR_1,ILFMFYC,4
702_X5DWGR_1,LLYTFWT,1
703_X5DWGR_1,LLYAFC,2
704_X5DWGR_1,LLYAAWS,8
705_X5DWGR_1,IILVFWA,5
706_X5DWGR_1,LLLLFWA,14
707_X5DWGR_1,LLLVFWC,13
708_X5DWGR_1,ILYLAYV,1
709_X5DWGR_1,LLYLFWC,11
710_X5DWGR_1,LLFMFWC,70
711_X5DWGR_1,LLYMFYA,3
712_X5DWGR_1,HLYAVWA,7
713_X5DWGR_1,LLYAVYS,5
714_X5DWGR_1,FLYVYV,1
715_X5DWGR_1,LIFAFWV,9
716_X5DWGR_1,ILFLFWV,3
717_X5DWGR_1,LLLTFYV,2
718_X5DWGR_1,IIFMFWA,1
719_X5DWGR_1,LLYAVYV,42
720_X5DWGR_1,LLFMFWC,70
721_X5DWGR_1,L,1
722_X5DWGR_1,LLYAVWA,7
723_X5DWGR_1,LIFAFWC,53
724_X5DWGR_1,LLLTSWC,1
725_X5DWGR_1,LLYLFYC,2
726_X5DWGR_1,IIYTFWC,3
727_X5DWGR_1,LLYAFYA,2
728_X5DWGR_1,LLFAFWA,6
729_X5DWGR_1,LLLLFWA,14
730_X5DWGR_1,MLYTVYV,1
731_X5DWGR_1,KLFLVYC,3
732_X5DWGR_1,QLYTSWC,1
733_X5DWGR_1,LLYMVWC,2
734_X5DWGR_1,IIYAFWA,10
735_X5DWGR_1,ILYASYC,15
736_X5DWGR_1,LLFMFWC,70
737_X5DWGR_1,LLYASYC,19
738_X5DWGR_1,MIFAFYV,7
739_X5DWGR_1,IIFVFWA,40
740_X5DWGR_1,LLYAFWC,31
741_X5DWGR_1,ILFLSWG,1
742_X5DWGR_1,LLYAFWC,31
743_X5DWGR_1,AWA,2
744_X5DWGR_1,LLYAVYV,42
745_X5DWGR_1,LLYMVYA,13
746_X5DWGR_1,LLFMFWG,18
747_X5DWGR_1,LLYLFWA,3
748_X5DWGR_1,ILFASYV,1
749_X5DWGR_1,ILYAVYA,1
750_X5DWGR_1,LIFV,1
751_X5DWGR_1,FWG,2
752_X5DWGR_1,LIYAFYV,3
753_X5DWGR_1,ILLMFWA,7
754_X5DWGR_1,MLYMFWS,2
755_X5DWGR_1,ILYAVWC,4
756_X5DWGR_1,LLYTFWC,14
757_X5DWGR_1,LLYTVV,1
758_X5DWGR_1,ILFLFYA,2
759_X5DWGR_1,LLLAFWC,7
760_X5DWGR_1,LLYTFA,1
761_X5DWGR_1,LIFAFYC,19
762_X5DWGR_1,LLYAVYA,12
763_X5DWGR_1,LLLVFWA,27
764_X5DWGR_1,LLYMVWV,1
765_X5DWGR_1,LLYVVYC,7
766_X5DWGR_1,LLFAVYC,1
767_X5DWGR_1,LLFMFYC,8
768_X5DWGR_1,LLFMSWC,2
769_X5DWGR_1,LLLAFWC,7
770_X5DWGR_1,IIYAFYC,9
771_X5DWGR_1,LLYAFWA,23
772_X5DWGR_1,ILLMFWC,1
773_X5DWGR_1,ISFMFWS,1
774_X5DWGR_1,LLYAVYV,42
775_X5DWGR_1,ILYTVYV,1
776_X5DWGR_1,LLLAFWC,7
777_X5DWGR_1,LLYMVYC,2
778_X5DWGR_1,LLYMFWA,8
779_X5DWGR_1,IIFVFWC,30
780_X5DWGR_1,LLFLFWA,23
781_X5DWGR_1,ILYLV,1
782_X5DWGR_1,ILYASYC,15
783_X5DWGR_1,QLYAVYV,18
784_X5DWGR_1,,49
785_X5DWGR_1,LLFLFYA,2
786_X5DWGR_1,LLYASYV,12
787_X5DWGR_1,LLFMFYC,8
788_X5DWGR_1,LLYAFWC,31
789_X5DWGR_1,ILYAAWV,1
790_X5DWGR_1,IIYVFWS,1
791_X5DWGR_1,LIFAFYC,19
792_X5DWGR_1,LLFLFYV,3
793_X5DWGR_1,LLFLSWV,1
794_X5DWGR_1,LIFAFWA,33
795_X5DWGR_1,LLYMSYS,1
796_X5DWGR_1,LLFA,2
797_X5DWGR_1,LLFAVWA,10
798_X5DWGR_1,LIYVFA,1
799_X5DWGR_1,LLFAFA,1
800_X5DWGR_1,LLLVFWC,13
801_X5DWGR_1,LIFVFWA,13
802_X5DWGR_1,LLYVSWC,5
803_X5DWGR_1,LLFMFWC,70
804_X5DWGR_1,LLYMFYA,3
805_X5DWGR_1,LLLLFYV,5
806_X5DWGR_1,LLFAFWC,10
807_X5DWGR_1,LLFAVWC,22
808_X5DWGR_1,KLFLSWC,1
809_X5DWGR_1,LLFMVYC,4
810_X5DWGR_1,LLFLFC,4
811_X5DWGR_1,MLLVFWA,3
812_X5DWGR_1,LLFLFWC,35
813_X5DWGR_1,LIFAFWV,9
814_X5DWGR_1,GQHIFYC,1
815_X5DWGR_1,LLYAVWC,9
816_X5DWGR_1,MLYAFWA,7
817_X5DWGR_1,MIFAFWC,17
818_X5DWGR_1,LLYMFWC,14
819_X5DWGR_1,LIFVSWA,1
820_X5DWGR_1,LLFLFWC,35
821_X5DWGR_1,LIFAFWC,53
822_X5DWGR_1,IVFC,1
823_X5DWGR_1,LLYAVYA,12
824_X5DWGR_1,LLFMFWA,22
825_X5DWGR_1,FWC,5
826_X5DWGR_1,LLYAVV,1
827_X5DWGR_1,LLLMFWC,19
828_X5DWGR_1,IIFVFWC,30
829_X5DWGR_1,IIFVFWV,6
830_X5DWGR_1,LIFAFWA,33
831_X5DWGR_1,IIFVFWA,40
832_X5DWGR_1,IIFAFYG,1
833_X5DWGR_1,QLYAVYV,18
834_X5DWGR_1,LIFAFWC,53
835_X5DWGR_1,LIYAFWV,10
836_X5DWGR_1,ILYAFWS,3
837_X5DWGR_1,ILYASYV,26
838_X5DWGR_1,MIFAFYC,3
839_X5DWGR_1,LIYVSWV,3
840_X5DWGR_1,LIYVAYA,9
841_X5DWGR_1,LIFAFYV,5
842_X5DWGR_1,,49
843_X5DWGR_1,ILFVVWA,3
844_X5DWGR_1,LIFAFYC,19
845_X5DWGR_1,MILVLWA,1
846_X5DWGR_1,LLYAVYV,42
847_X5DWGR_1,LIYVAYC,13
848_X5DWGR_1,LLYAVWE,1
849_X5DWGR_1,LLFMFYV,10
850_X5DWGR_1,MIFTFGC,1
851_X5DWGR_1,LLYVFWA,3
852_X5DWGR_1,LLLMV,1
853_X5DWGR_1,LIFAVYV,4
854_X5DWGR_1,MLFMFWA,1
855_X5DWGR_1,IIFAVYC,1
856_X5DWGR_1,MIFAFWA,10
857_X5DWGR_1,IIYAFWA,10
858_X5DWGR_1,LIFVF,1
859_X5DWGR_1,LLYAVYC,19
860_X5DWGR_1,LILVFGG,1
861_X5DWGR_1,LLFMFYA,3
862_X5DWGR_1,MIFSYC,1
863_X5DWGR_1,MIFAVHA,1
864_X5DWGR_1,LLFAVC,1
865_X5DWGR_1,LLYVAYC,1
866_X5DWGR_1,LLYTVYV,21
867_X5DWGR_1,ILFMFWG,6
868_X5DWGR_1,LLFVVYC,1
869_X5DWGR_1,C,10
870_X5DWGR_1,IIYAVYV,1
871_X5DWGR_1,LILAFWC,24
872_X5DWGR_1,LLFMSYC,2
873_X5DWGR_1,LLFVVYV,6
874_X5DWGR_1,ILFMSWS,1
875_X5DWGR_1,MIFALWA,1
876_X5DWGR_1,MIFAAYA,1
877_X5DWGR_1,LLLLFWC,3
878_X5DWGR_1,KLFLFWC,17
879_X5DWGR_1,ILYMVYV,1
880_X5DWGR_1,LLYAVYV,42
881_X5DWGR_1,LLYASWA,4
882_X5DWGR_1,ILFMFYC,4
883_X5DWGR_1,LLYASY,2
884_X5DWGR_1,IIFVFWC,30
885_X5DWGR_1,LIFAFWS,3
886_X5DWGR_1,MLYASYV,20
887_X5DWGR_1,LLFVVWC,4
888_X5DWGR_1,LLFMFWS,7
889_X5DWGR_1,LIFTFWC,1
890_X5DWGR_1,LLFMFWG,18
891_X5DWGR_1,LIYAVYV,2
892_X5DWGR_1,FWC,5
893_X5DWGR_1,IIYAFWA,10
894_X5DWGR_1,LLFLFYV,3
895_X5DWGR_1,LIYAVYC,16
896_X5DWGR_1,LLFAFWS,2
897_X5DWGR_1,LLFFW,1
898_X5DWGR_1,LLFMFWG,18
899_X5DWGR_1,LLFLSWC,2
900_X5DWGR_1,LLYVSYC,1
901_X5DWGR_1,MLYMFWS,2
902_X5DWGR_1,ILYASYV,26
903_X5DWGR_1,LLYVSWC,5
904_X5DWGR_1,LIYVAYC,13
905_X5DWGR_1,LIFAFYC,19
906_X5DWGR_1,LLYTVWC,13
907_X5DWGR_1,LILAFWC,24
908_X5DWGR_1,LLFVFWS,2
909_X5DWGR_1,ILFLFWV,3
910_X5DWGR_1,LLFLFWC,35
911_X5DWGR_1,ILYASYV,26
912_X5DWGR_1,LLYVFWC,10
913_X5DWGR_1,LIFMFWC,1
914_X5DWGR_1,LLLLFYC,3
915_X5DWGR_1,LIFAFWC,53
916_X5DWGR_1,ILFMFWC,5
917_X5DWGR_1,ILYAF,1
918_X5DWGR_1,LIFVFWA,13
919_X5DWGR_1,IFAVYC,1
920_X5DWGR_1,ILYAVWS,5
921_X5DWGR_1,LLFLFWC,35
922_X5DWGR_1,LIFAVWV,2
923_X5DWGR_1,HLLTFWV,1
924_X5DWGR_1,LLLLFYC,3
925_X5DWGR_1,LIYVVWA,1
926_X5DWGR_1,HLYAAWA,1
927_X5DWGR_1,LRSAFCV,1
928_X5DWGR_1,LLLASYC,3
929_X5DWGR_1,LLYVFWA,3
930_X5DWGR_1,ILFMAWS,1
931_X5DWGR_1,ILFVSWC,1
932_X5DWGR_1,LLLVFWA,27
933_X5DWGR_1,LLLMFWS,5
934_X5DWGR_1,LLYTAWC,2
935_X5DWGR_1,LLFLFWC,35
936_X5DWGR_1,IIFVFWC,30
937_X5DWGR_1,LIFAFWC,53
938_X5DWGR_1,LIYLVWC,1
939_X5DWGR_1,LILAFWA,3
940_X5DWGR_1,LLFMFWC,70
941_X5DWGR_1,IICVVWC,1
942_X5DWGR_1,LLFMFWC,70
943_X5DWGR_1,LIFSVYC,1
944_X5DWGR_1,ILYAVWA,5
945_X5DWGR_1,LLYMVWS,2
946_X5DWGR_1,ILFLFWA,3
947_X5DWGR_1,HLYTVWS,2
948_X5DWGR_1,LIFVA,1
949_X5DWGR_1,LLFLAWA,1
950_X5DWGR_1,LLAFWC,1
951_X5DWGR_1,PLFVFY,1
952_X5DWGR_1,LIFAFYC,19
953_X5DWGR_1,LIFVFWC,11
954_X5DWGR_1,LLLLFYV,5
955_X5DWGR_1,ILFVVWA,3
956_X5DWGR_1,ILYASYC,15
957_X5DWGR_1,IILTSYV,1
958_X5DWGR_1,LIFVFWA,13
959_X5DWGR_1,LIFAFWC,53
960_X5DWGR_1,LLFLVWC,6
961_X5DWGR_1,LLYVLWC,1
962_X5DWGR_1,IIFVFWC,30
963_X5DWGR_1,LILAFWV,3
964_X5DWGR_1,LLYVFYC,5
965_X5DWGR_1,MIFVFWC,9
966_X5DWGR_1,LLSLF,1
967_X5DWGR_1,MLYASWP,1
968_X5DWGR_1,LIYAFYC,3
969_X5DWGR_1,QLYAFWV,1
970_X5DWGR_1,LILMF,1
971_X5DWGR_1,HLYTVYC,5
972_X5DWGR_1,LILAFWC,24
973_X5DWGR_1,,49
974_X5DWGR_1,MLYAFWA,7
975_X5DWGR_1,LILAFWC,24
976_X5DWGR_1,LLYMFWS,21
977_X5DWGR_1,LIFAFWC,53
978_X5DWGR_1,LLYTFWC,14
979_X5DWGR_1,LIYVFWC,18
980_X5DWGR_1,LLFAAWS,2
981_X5DWGR_1,QLYAFC,1
982_X5DWGR_1,LLFMVYV,6
983_X5DWGR_1,LLFMFWG,18
984_X5DWGR_1,IFVVWS,1
985_X5DWGR_1,LLLVFWA,27
986_X5DWGR_1,LILAFWC,24
987_X5DWGR_1,LLYASWS,1
988_X5DWGR_1,LLFMFWC,70
989_X5DWGR_1,ILFMVYV,1
990_X5DWGR_1,QLYAVYV,18
991_X5DWGR_1,LLFLSWC,2
992_X5DWGR_1,LLFVV,1
993_X5DWGR_1,LLYAVWC,9
994_X5DWGR_1,LLLAAWA,11
995_X5DWGR_1,C,10
996_X5DWGR_1,LLFASWC,12
997_X5DWGR_1,ILYASYC,15
998_X5DWGR_1,ALGKG,1
999_X5DWGR_1,LLYVSSC,1
1000_X5DWGR_1,IIFVVWA,2
1001_X5DWGR_1,LLYAFWC,31
1002_X5DWGR_1,KLFLFRG,1
1003_X5DWGR_1,LLLV,2
1004_X5DWGR_1,C,10
1005_X5DWGR_1,LIYV,2
1006_X5DWGR_1,,49
1007_X5DWGR_1,LLYTVYV,21
1008_X5DWGR_1,ILYAFYA,3
1009_X5DWGR_1,A,5
1010_X5DWGR_1,A,5
1011_X5DWGR_1,LLFLFWC,35
1012_X5DWGR_1,LLYAVWC,9
1013_X5DWGR_1,LIYVSYA,1
1014_X5DWGR_1,LLYASYV,12
1015_X5DWGR_1,LIFAFYC,19
1016_X5DWGR_1,LLYMFWS,21
1017_X5DWGR_1,MLYAFYA,1
1018_X5DWGR_1,LLYTFWV,2
1019_X5DWGR_1,LLYTVWA,3
1020_X5DWGR_1,LLYASWV,17
1021_X5DWGR_1,LLYFYV,1
1022_X5DWGR_1,HLYTVYV,6
1023_X5DWGR_1,LLLVFWC,13
1024_X5DWGR_1,A,5
1025_X5DWGR_1,LIFAFWC,53
1026_X5DWGR_1,LLFA,2
1027_X5DWGR_1,LLYAVYV,42
1028_X5DWGR_1,KLFLFWC,17
1029_X5DWGR_1,QLYASWA,2
1030_X5DWGR_1,LLMFWF,1
1031_X5DWGR_1,LLYASHC,1
1032_X5DWGR_1,FYC,1
1033_X5DWGR_1,LLYLVYV,2
1034_X5DWGR_1,KLFLFWC,17
1035_X5DWGR_1,LLFMFWC,70
1036_X5DWGR_1,LLLVFWC,13
1037_X5DWGR_1,IIFVFYA,1
1038_X5DWGR_1,ILYAVWS,5
1039_X5DWGR_1,LLYAVYC,19
1040_X5DWGR_1,MIFVFYC,11
1041_X5DWGR_1,,49
1042_X5DWGR_1,LLFMFWG,18
1043_X5DWGR_1,QLYASYC,1
1044_X5DWGR_1,LLLMSYA,1
1045_X5DWGR_1,MIFAFYV,7
1046_X5DWGR_1,LLFMSWA,4
1047_X5DWGR_1,LIFVFWA,13
1048_X5DWGR_1,,49
1049_X5DWGR_1,QLYA,2
1050_X5DWGR_1,MIFVVWC,1
1051_X5DWGR_1,QLYAVYV,18
1052_X5DWGR_1,MLYASYV,20
1053_X5DWGR_1,IIYASYV,1
1054_X5DWGR_1,LLLMFWA,6
1055_X5DWGR_1,PL,1
1056_X5DWGR_1,MIFV,1
1057_X5DWGR_1,IIFT,1
1058_X5DWGR_1,LLFAFWS,2
1059_X5DWGR_1,LLLVFWC,13
1060_X5DWGR_1,IIFVFWA,40
1061_X5DWGR_1,LYTVW,1
1062_X5DWGR_1,LLFVFWC,22
1063_X5DWGR_1,LLFMFWC,70
1064_X5DWGR_1,LILMFWA,2
1065_X5DWGR_1,MIFAVWC,3
1066_X5DWGR_1,LLYA,6
1067_X5DWGR_1,MLYVVYA,2
1068_X5DWGR_1,,49
1069_X5DWGR_1,MLYMVWC,1
1070_X5DWGR_1,IIFVVWC,4
1071_X5DWGR_1,LIYAFWV,10
1072_X5DWGR_1,LIFAVYC,6
1073_X5DWGR_1,ILYASYV,26
1074_X5DWGR_1,ILYASYC,15
1075_X5DWGR_1,LLLVFWA,27
1076_X5DWGR_1,ILYMFWC,4
1077_X5DWGR_1,IIYAFYC,9
1078_X5DWGR_1,LLYAVYV,42
1079_X5DWGR_1,LLFMFWA,22
1080_X5DWGR_1,LLLVFWA,27
1081_X5DWGR_1,LLYMVYA,13
1082_X5DWGR_1,LLFMFWC,70
1083_X5DWGR_1,IIFTFWC,13
1084_X5DWGR_1,LLYASWC,9
1085_X5DWGR_1,LLLVAYV,1
1086_X5DWGR_1,LIYLFYV,1
1087_X5DWGR_1,C,10
1088_X5DWGR_1,ILYAS,3
1089_X5DWGR_1,LLFVFWV,5
1090_X5DWGR_1,LLFMFWA,22
1091_X5DWGR_1,HLYAFWC,2
1092_X5DWGR_1,LLYMF,1
1093_X5DWGR_1,,49
1094_X5DWGR_1,,49
1095_X5DWGR_1,LLYMAWC,1
1096_X5DWGR_1,MIFAFWC,17
1097_X5DWGR_1,QLYAVWA,5
1098_X5DWGR_1,LIFLSY,1
1099_X5DWGR_1,KIYAVYC,1
1100_X5DWGR_1,FLFVVYP,1
1101_X5DWGR_1,LLYMSWC,1
1102_X5DWGR_1,LILASWC,2
1103_X5DWGR_1,LLFASWC,12
1104_X5DWGR_1,MLFVFYC,1
1105_X5DWGR_1,LLFAVW,1
1106_X5DWGR_1,,49
1107_X5DWGR_1,LLAFWA,1
1108_X5DWGR_1,LLFVFWV,5
1109_X5DWGR_1,LLLLFYV,5
1110_X5DWGR_1,LLFVVYA,1
1111_X5DWGR_1,LIFASYA,2
1112_X5DWGR_1,MLYASWC,1
1113_X5DWGR_1,LLYVFYA,1
1114_X5DWGR_1,LLYAVYV,42
1115_X5DWGR_1,LILAAWA,2
1116_X5DWGR_1,IIFTFWC,13
1117_X5DWGR_1,MIFAFYV,7
1118_X5DWGR_1,LIYVFWA,7
1119_X5DWGR_1,LLFMFWC,70
1120_X5DWGR_1,LILVFWA,1
1121_X5DWGR_1,MLYASYV,20
1122_X5DWGR_1,LLYASWC,9
1123_X5DWGR_1,LLFAFWV,3
1124_X5DWGR_1,LIFAFWA,33
1125_X5DWGR_1,LIFVFWA,13
1126_X5DWGR_1,IIFVFWA,40
1127_X5DWGR_1,LLLVFWA,27
1128_X5DWGR_1,LLYTVYV,21
1129_X5DWGR_1,FSA,1
1130_X5DWGR_1,MLYASWS,2
1131_X5DWGR_1,LLYTFWC,14
1132_X5DWGR_1,LIFASYV,3
1133_X5DWGR_1,LIFAAYC,1
1134_X5DWGR_1,LLYAFWV,10
1135_X5DWGR_1,LLYTVYA,13
1136_X5DWGR_1,ILYMFWS,1
1137_X5DWGR_1,LLYTV,2
1138_X5DWGR_1,MLYMFWC,3
1139_X5DWGR_1,ILLMVYV,1
1140_X5DWGR_1,IIYVFWC,3
1141_X5DWGR_1,LLLAAW,1
1142_X5DWGR_1,LLYAVWA,7
1143_X5DWGR_1,ILYASYV,26
1144_X5DWGR_1,LLYMFYV,3
1145_X5DWGR_1,LIFAFWA,33
1146_X5DWGR_1,LIYAAYA,2
1147_X5DWGR_1,QLYAVWC,7
1148_X5DWGR_1,LIFAYWC,1
1149_X5DWGR_1,,49
1150_X5DWGR_1,LLYTFWC,14
1151_X5DWGR_1,LLFMFWC,70
1152_X5DWGR_1,LLLMFWS,5
1153_X5DWGR_1,LLLTFYV,2
1154_X5DWGR_1,Y,1
1155_X5DWGR_1,LIFAFWV,9
1156_X5DWGR_1,LLFVFWA,9
1157_X5DWGR_1,LLYAFWV,10
1158_X5DWGR_1,LILAFWC,24
1159_X5DWGR_1,LLFASYC,3
1160_X5DWGR_1,LLFAVWC,22
1161_X5DWGR_1,MIFAVWC,3
1162_X5DWGR_1,ILYTFWC,1
1163_X5DWGR_1,ILFMFWG,6
1164_X5DWGR_1,MLYASYV,20
1165_X5DWGR_1,ILYTVYA,2
1166_X5DWGR_1,ILFMFWL,1
1167_X5DWGR_1,LLYLFYA,1
1168_X5DWGR_1,LLYMFWG,6
1169_X5DWGR_1,HLFTSYV,1
1170_X5DWGR_1,LLFMFWA,22
1171_X5DWGR_1,LIYAFWS,5
1172_X5DWGR_1,LLYASWV,17
1173_X5DWGR_1,LLYMVYA,13
1174_X5DWGR_1,LLFMFWC,70
1175_X5DWGR_1,LLFMFWG,18
1176_X5DWGR_1,IIYVFYS,1
1177_X5DWGR_1,LLYMV,1
1178_X5DWGR_1,LLLMFYV,3
1179_X5DWGR_1,LLFVFYC,7
1180_X5DWGR_1,IILVFYA,1
1181_X5DWGR_1,IIFTFWC,13
1182_X5DWGR_1,LLYASYS,1
1183_X5DWGR_1,QLYAVWC,7
1184_X5DWGR_1,ILYVFYV,1
1185_X5DWGR_1,LLYAVWA,7
1186_X5DWGR_1,,49
1187_X5DWGR_1,LLLVFYC,6
1188_X5DWGR_1,LLFLFWC,35
1189_X5DWGR_1,LLYMVWA,5
1190_X5DWGR_1,LLYAFWC,31
1191_X5DWGR_1,LLFAVWA,10
1192_X5DWGR_1,LIYASYC,1
1193_X5DWGR_1,MIFAVYV,5
1194_X5DWGR_1,LLYLFC,2
1195_X5DWGR_1,LLFAFWC,10
1196_X5DWGR_1,IILASWC,1
1197_X5DWGR_1,LLYMFWA,8
1198_X5DWGR_1,LLLVFWA,27
1199_X5DWGR_1,ILYLFWC,3
1200_X5DWGR_1,LIFMFYV,1
1201_X5DWGR_1,LIFAFWA,33
1202_X5DWGR_1,MIYVVWC,1
1203_X5DWGR_1,IIFVVWC,4
1204_X5DWGR_1,LLFAVWC,22
1205_X5DWGR_1,LLFTL,1
1206_X5DWGR_1,LLYAFWS,7
1207_X5DWGR_1,LLYTVYA,13
1208_X5DWGR_1,LIYVFYA,2
1209_X5DWGR_1,LLLAFWR,1
1210_X5DWGR_1,LIYVAYA,9
1211_X5DWGR_1,QLFLFWV,1
1212_X5DWGR_1,LLYAFYC,9
1213_X5DWGR_1,LLLAAWV,1
1214_X5DWGR_1,LLLVFYV,3
1215_X5DWGR_1,LLLTFWC,6
1216_X5DWGR_1,LLYAAWS,8
1217_X5DWGR_1,LLYAVYV,42
1218_X5DWGR_1,LLYASWC,9
1219_X5DWGR_1,LIYVFYV,3
1220_X5DWGR_1,LLFAVWC,22
1221_X5DWGR_1,LIFASYV,3
1222_X5DWGR_1,LLFVSWA,3
1223_X5DWGR_1,LLYMFWL,1
1224_X5DWGR_1,LIFVFYV,4
1225_X5DWGR_1,IIFVAYL,1
1226_X5DWGR_1,LLYMFWS,21
1227_X5DWGR_1,LLLMFWC,19
1228_X5DWGR_1,LLFMFWC,70
1229_X5DWGR_1,IIFASHG,1
1230_X5DWGR_1,QLYAFYA,4
1231_X5DWGR_1,MLFMFWV,1
1232_X5DWGR_1,IIYAFWA,10
1233_X5DWGR_1,MLYASYV,20
1234_X5DWGR_1,IILVFWA,5
1235_X5DWGR_1,LLYAAWS,8
1236_X5DWGR_1,ILYLFG,1
1237_X5DWGR_1,WG,1
1238_X5DWGR_1,LIFTVWA,1
1239_X5DWGR_1,IIFVSWC,3
1240_X5DWGR_1,LIFA,4
1241_X5DWGR_1,LLFASWV,3
1242_X5DWGR_1,LLYAVYV,42
1243_X5DWGR_1,ILYAFWC,10
1244_X5DWGR_1,LLYAVYA,12
1245_X5DWGR_1,LLYAFWS,7
1246_X5DWGR_1,LLYMFS,1
1247_X5DWGR_1,MLYASL,1
1248_X5DWGR_1,ILYASYV,26
1249_X5DWGR_1,IIFVFWA,40
1250_X5DWGR_1,LIFAFWC,53
1251_X5DWGR_1,LIYAFWC,12
1252_X5DWGR_1,LIFAFY,2
1253_X5DWGR_1,LIFVFWC,11
1254_X5DWGR_1,LFMFYA,1
1255_X5DWGR_1,LIFAVYC,6
1256_X5DWGR_1,LLLLFWC,3
1257_X5DWGR_1,ILYASWC,2
1258_X5DWGR_1,ILYASYV,26
1259_X5DWGR_1,MIFAFWA,10
1260_X5DWGR_1,LLYAFWA,23
1261_X5DWGR_1,LLYMFWC,14
1262_X5DWGR_1,LLLVFWA,27
1263_X5DWGR_1,FSC,1
1264_X5DWGR_1,LLFAVWA,10
1265_X5DWGR_1,LIFAFWA,33
1266_X5DWGR_1,LLYLVYC,4
1267_X5DWGR_1,LLLVVYV,1
1268_X5DWGR_1,MLYLVYC,1
1269_X5DWGR_1,LLYAVYV,42
1270_X5DWGR_1,LLFAVWC,22
1271_X5DWGR_1,MIFAFWC,17
1272_X5DWGR_1,LIYMVYC,1
1273_X5DWGR_1,LIFAVWC,4
1274_X5DWGR_1,ILFLFWA,3
1275_X5DWGR_1,LLFLVYC,3
1276_X5DWGR_1,LLYVFWC,10
1277_X5DWGR_1,LLYAFWC,31
1278_X5DWGR_1,LLFMFWG,18
1279_X5DWGR_1,LLYMFYC,5
1280_X5DWGR_1,MIFAFWC,17
1281_X5DWGR_1,LLYAVYC,19
1282_X5DWGR_1,MLFLFWC,1
1283_X5DWGR_1,LLYAFCA,1
1284_X5DWGR_1,LLFLFYA,2
1285_X5DWGR_1,LIYAVYC,16
1286_X5DWGR_1,LLYVFWS,3
1287_X5DWGR_1,IIFTFWV,4
1288_X5DWGR_1,LIFVFWC,11
1289_X5DWGR_1,KLYAVWC,1
1290_X5DWGR_1,LLFVFWC,22
1291_X5DWGR_1,LLFLFWA,23
1292_X5DWGR_1,MIFAVYV,5
1293_X5DWGR_1,LLFMFWC,70
1294_X5DWGR_1,LLYMFYS,2
1295_X5DWGR_1,LLYAFWA,23
1296_X5DWGR_1,MIYTFYV,1
1297_X5DWGR_1,LLFVVWC,4
1298_X5DWGR_1,LLFMF*V,1
1299_X5DWGR_1,LLAFHC,1
1300_X5DWGR_1,LLYTVYA,13
1301_X5DWGR_1,LLLVAWA,1
1302_X5DWGR_1,LIFAFYC,19
1303_X5DWGR_1,LLFAVWC,22
1304_X5DWGR_1,LIYVSYV,2
1305_X5DWGR_1,LLFAFWA,6
1306_X5DWGR_1,QLYAVYV,18
1307_X5DWGR_1,LLLVAYC,1
1308_X5DWGR_1,ILFAFWL,1
1309_X5DWGR_1,LIYAVYC,16
1310_X5DWGR_1,LLFAFWC,10
1311_X5DWGR_1,LLFLFWC,35
1312_X5DWGR_1,ILFLAYC,1
1313_X5DWGR_1,LLYAVYV,42
1314_X5DWGR_1,ILFMFWA,5
1315_X5DWGR_1,LLLAAWC,1
1316_X5DWGR_1,LLFMFWC,70
1317_X5DWGR_1,ILFVVWA,3
1318_X5DWGR_1,LLFAVYV,5
1319_X5DWGR_1,QLYAVYV,18
1320_X5DWGR_1,LLYTVWC,13
1321_X5DWGR_1,,49
1322_X5DWGR_1,LIYVSWV,3
1323_X5DWGR_1,LIFAFWC,53
1324_X5DWGR_1,MIFAFWC,17
1325_X5DWGR_1,IIYAFYC,9
1326_X5DWGR_1,LLYVVYC,7
1327_X5DWGR_1,LILAFYC,6
1328_X5DWGR_1,LIYVFWA,7
1329_X5DWGR_1,MIFVAY,1
1330_X5DWGR_1,ILFMFWA,5
1331_X5DWGR_1,KLFLFWC,17
1332_X5DWGR_1,QLYAAWC,1
1333_X5DWGR_1,LLFMFWC,70
1334_X5DWGR_1,LLLMFWS,5
1335_X5DWGR_1,IILVFWC,2
1336_X5DWGR_1,LLYASWV,17
1337_X5DWGR_1,LIYAFWS,5
1338_X5DWGR_1,HLYTFYC,2
1339_X5DWGR_1,QLYAVYV,18
1340_X5DWGR_1,LLYAAWA,3
1341_X5DWGR_1,LLYASWV,17
1342_X5DWGR_1,LLFMSYG,1
1343_X5DWGR_1,LIFVSWC,1
1344_X5DWGR_1,IIFTFYV,2
1345_X5DWGR_1,LLYAVYV,42
1346_X5DWGR_1,LIFASWV,1
1347_X5DWGR_1,ILFAFWC,2
1348_X5DWGR_1,LLFLFWC,35
1349_X5DWGR_1,ILYASYV,26
1350_X5DWGR_1,QLYAFYA,4
1351_X5DWGR_1,LIYAVYC,16
1352_X5DWGR_1,LIFAVWC,4
1353_X5DWGR_1,MLYASWA,1
1354_X5DWGR_1,LILAVWC,2
1355_X5DWGR_1,LLYASYV,12
1356_X5DWGR_1,LIFVFWC,11
1357_X5DWGR_1,IIFVFWA,40
1358_X5DWGR_1,LLLVFWA,27
1359_X5DWGR_1,LLYASWA,4
1360_X5DWGR_1,MLYMFWC,3
1361_X5DWGR_1,LLLMFWV,3
1362_X5DWGR_1,LLYLFYV,3
1363_X5DWGR_1,LQKAFWC,1
1364_X5DWGR_1,LLLLFWA,14
1365_X5DWGR_1,LLFMFWC,70
1366_X5DWGR_1,IIFAFWA,3
1367_X5DWGR_1,MLYAFW,1
1368_X5DWGR_1,LIYVVWC,4
1369_X5DWGR_1,LLYTVWC,13
1370_X5DWGR_1,LLYAVYA,12
1371_X5DWGR_1,MLYASYV,20
1372_X5DWGR_1,LLFLSYC,2
1373_X5DWGR_1,ILYLVWS,1
1374_X5DWGR_1,ILLMVS,1
1375_X5DWGR_1,LIFAVWA,4
1376_X5DWGR_1,QLYAVWV,1
1377_X5DWGR_1,LLYASWC,9
1378_X5DWGR_1,LLFMVW,1
1379_X5DWGR_1,LLFAVWC,22
1380_X5DWGR_1,LLSMFWS,1
1381_X5DWGR_1,LLYTFWA,5
1382_X5DWGR_1,LIYVFWV,5
1383_X5DWGR_1,LLFMFWC,70
1384_X5DWGR_1,LLFMFWC,70
1385_X5DWGR_1,LIFAV,1
1386_X5DWGR_1,LLYLFYV,3
1387_X5DWGR_1,LLLLFYC,3
1388_X5DWGR_1,LYTVWC,1
1389_X5DWGR_1,MIFVFYC,11
1390_X5DWGR_1,LIFAFWC,53
1391_X5DWGR_1,LILAVYV,1
1392_X5DWGR_1,ILYTVYC,2
1393_X5DWGR_1,KLFLFWC,17
1394_X5DWGR_1,IIFTVYC,2
1395_X5DWGR_1,MLYLFYG,1
1396_X5DWGR_1,ILFLVYC,2
1397_X5DWGR_1,LLYAFYV,5
1398_X5DWGR_1,LLFMVWG,3
1399_X5DWGR_1,LLLVFYV,3
1400_X5DWGR_1,LLFAVWA,10
1401_X5DWGR_1,IIFVFWV,6
1402_X5DWGR_1,MLFVSWS,1
1403_X5DWGR_1,LLYASWC,9
1404_X5DWGR_1,LLYTFWS,6
1405_X5DWGR_1,LLFAFYC,3
1406_X5DWGR_1,LLYASWV,17
1407_X5DWGR_1,IIYVFWA,3
1408_X5DWGR_1,LLFLFWC,35
1409_X5DWGR_1,LIYFA,1
1410_X5DWGR_1,LLFVSWA,3
1411_X5DWGR_1,LLFAFYV,2
1412_X5DWGR_1,ILLMSY,1
1413_X5DWGR_1,LIYVAYA,9
1414_X5DWGR_1,MIFAFYC,3
1415_X5DWGR_1,ILFVFWA,8
1416_X5DWGR_1,LLYAVWC,9
1417_X5DWGR_1,LIFAFWC,53
1418_X5DWGR_1,LIYVFWV,5
1419_X5DWGR_1,LIFVFWC,11
1420_X5DWGR_1,QLYAFYA,4
1421_X5DWGR_1,LLLLFWA,14
1422_X5DWGR_1,LLYMFWV,4
1423_X5DWGR_1,LLYAAWG,2
1424_X5DWGR_1,LLYTVYC,4
1425_X5DWGR_1,LLLVWA,1
1426_X5DWGR_1,IIYVVWC,2
1427_X5DWGR_1,IIYVVYV,1
1428_X5DWGR_1,LLFMVV,1
1429_X5DWGR_1,IIFVFWA,40
1430_X5DWGR_1,LIYVVYC,3
1431_X5DWGR_1,LLYMVYC,2
1432_X5DWGR_1,LLFVFWV,5
1433_X5DWGR_1,LLYMFWG,6
1434_X5DWGR_1,IIFVFWS,3
1435_X5DWGR_1,VLFVFWC,1
1436_X5DWGR_1,LLYAFWV,10
1437_X5DWGR_1,MLYASYV,20
1438_X5DWGR_1,LLYMFWA,8
1439_X5DWGR_1,LLLMAWS,1
1440_X5DWGR_1,LILASWV,1
1441_X5DWGR_1,IIYTFWA,4
1442_X5DWGR_1,LIYAVWV,1
1443_X5DWGR_1,LLYLVYC,4
1444_X5DWGR_1,LLFVFWC,22
1445_X5DWGR_1,LILAFWC,24
1446_X5DWGR_1,LLFMFWS,7
1447_X5DWGR_1,IIFVFWA,40
1448_X5DWGR_1,LIVAYC,1
1449_X5DWGR_1,LLFMFWC,70
1450_X5DWGR_1,IIYTFWC,3
1451_X5DWGR_1,LLYTVYV,21
1452_X5DWGR_1,LLFASYC,3
1453_X5DWGR_1,MIFAFWA,10
1454_X5DWGR_1,LLFLFWA,23
1455_X5DWGR_1,LLYAVYV,42
1456_X5DWGR_1,IIFVFWC,30
1457_X5DWGR_1,VFWC,1
1458_X5DWGR_1,MIFAFWA,10
1459_X5DWGR_1,LLLVFWA,27
1460_X5DWGR_1,IIFTFWC,13
1461_X5DWGR_1,LIFAFYV,5
1462_X5DWGR_1,LIYVAYC,13
1463_X5DWGR_1,LLFMSYV,2
1464_X5DWGR_1,WS,1
1465_X5DWGR_1,ILFTFWG,2
1466_X5DWGR_1,APG,2
1467_X5DWGR_1,LIFAFWV,9
1468_X5DWGR_1,LLYAFWA,23
1469_X5DWGR_1,LLFLFWA,23
1470_X5DWGR_1,LLLLVNC,1
1471_X5DWGR_1,LLFMFWG,18
1472_X5DWGR_1,LILAFWC,24
1473_X5DWGR_1,LIFAVWV,2
1474_X5DWGR_1,LLLMFYC,4
1475_X5DWGR_1,LLYLFWC,11
1476_X5DWGR_1,LLYAVYC,19
1477_X5DWGR_1,ILYLFWA,9
1478_X5DWGR_1,LLYLSYC,2
1479_X5DWGR_1,LLYLFYV,3
1480_X5DWGR_1,LIFVSYC,1
1481_X5DWGR_1,LILAFYC,6
1482_X5DWGR_1,LLYLWWC,1
1483_X5DWGR_1,ILYAFWC,10
1484_X5DWGR_1,LIFAFWG,5
1485_X5DWGR_1,LLLVFYC,6
1486_X5DWGR_1,QLYAVYV,18
1487_X5DWGR_1,LLYMFWS,21
1488_X5DWGR_1,LLYASWV,17
1489_X5DWGR_1,LLFLFWA,23
1490_X5DWGR_1,IIYAFWA,10
1491_X5DWGR_1,LLLASYC,3
1492_X5DWGR_1,LLLMFWC,19
1493_X5DWGR_1,ILYAFWC,10
1494_X5DWGR_1,LLYMSYV,2
1495_X5DWGR_1,LLLVFWC,13
1496_X5DWGR_1,LLFMFYV,10
1497_X5DWGR_1,QLYAVYC,4
1498_X5DWGR_1,ILYMFYA,1
1499_X5DWGR_1,QLYAVDC,1
1500_X5DWGR_1,HLYAFWA,1
1501_X5DWGR_1,MLYMSYV,1
1502_X5DWGR_1,LIYAFWC,12
1503_X5DWGR_1,LLFVFWA,9
1504_X5DWGR_1,LLFVVWC,4
1505_X5DWGR_1,LLFVFWC,22
1506_X5DWGR_1,IIFVFWG,2
1507_X5DWGR_1,LLYAVY,2
1508_X5DWGR_1,LLYAVYV,42
1509_X5DWGR_1,LLFMYV,2
1510_X5DWGR_1,QIYAFWV,1
1511_X5DWGR_1,MIFASYA,1
1512_X5DWGR_1,LLLLFWA,14
1513_X5DWGR_1,ILFLFWC,12
1514_X5DWGR_1,LLFVVYV,6
1515_X5DWGR_1,LLFLFWG,2
1516_X5DWGR_1,LIYAFWC,12
1517_X5DWGR_1,QIYVFWA,1
1518_X5DWGR_1,LLYTVYA,13
1519_X5DWGR_1,MIFVFYV,2
1520_X5DWGR_1,IIFVFYV,3
1521_X5DWGR_1,LLYAFWA,23
1522_X5DWGR_1,LLFMFWC,70
1523_X5DWGR_1,LLFMFWC,70
1524_X5DWGR_1,ILYLFWA,9
1525_X5DWGR_1,LLYAVYV,42
1526_X5DWGR_1,LLYTVYV,21
1527_X5DWGR_1,LLYTFWC,14
1528_X5DWGR_1,ILFMFWS,9
1529_X5DWGR_1,IIYVFYV,4
1530_X5DWGR_1,LLLMAWA,1
1531_X5DWGR_1,LLYTVWV,2
1532_X5DWGR_1,HLYTAYA,1
1533_X5DWGR_1,IIFVFWC,30
1534_X5DWGR_1,LAVFWC,1
1535_X5DWGR_1,LLFMFWG,18
1536_X5DWGR_1,MLYASYG,1
1537_X5DWGR_1,LLFMFWC,70
1538_X5DWGR_1,HLYAVYC,2
1539_X5DWGR_1,LLLVFYC,6
1540_X5DWGR_1,MIFAVYY,1
1541_X5DWGR_1,ILYLFWL,1
1542_X5DWGR_1,ILLMFWA,7
1543_X5DWGR_1,ILYLFWA,9
1544_X5DWGR_1,LIFAFWG,5
1545_X5DWGR_1,LLYAFWA,23
1546_X5DWGR_1,LLFLSYC,2
1547_X5DWGR_1,LLYVSWC,5
1548_X5DWGR_1,IIFVFWA,40
1549_X5DWGR_1,LLFVFYA,1
1550_X5DWGR_1,PLYVSWL,1
1551_X5DWGR_1,LLFMFWC,70
1552_X5DWGR_1,V,1
1553_X5DWGR_1,LLYMFWV,4
1554_X5DWGR_1,LLFMFYC,8
1555_X5DWGR_1,MIFVFWC,9
1556_X5DWGR_1,LLLMFWA,6
1557_X5DWGR_1,C,10
1558_X5DWGR_1,QLYAVYC,4
1559_X5DWGR_1,LLFAVYV,5
1560_X5DWGR_1,ILYAFWA,2
1561_X5DWGR_1,LILAFWC,24
1562_X5DWGR_1,LIYVFWA,7
1563_X5DWGR_1,LIFVFWA,13
1564_X5DWGR_1,LLYMVWS,2
1565_X5DWGR_1,ILTVYC,1
1566_X5DWGR_1,LIFAFYC,19
1567_X5DWGR_1,IIFTF,2
1568_X5DWGR_1,LLFLFWA,23
1569_X5DWGR_1,ILFMFWG,6
1570_X5DWGR_1,LIYVAYC,13
1571_X5DWGR_1,,49
1572_X5DWGR_1,,49
1573_X5DWGR_1,LLFVVWA,4
1574_X5DWGR_1,LIFAFWG,5
1575_X5DWGR_1,LLFMSWS,1
1576_X5DWGR_1,LLFMFYC,8
1577_X5DWGR_1,IYTVWC,1
1578_X5DWGR_1,IIYVVWC,2
1579_X5DWGR_1,ILYAVYV,4
1580_X5DWGR_1,LYAFWA,1
1581_X5DWGR_1,IIYTFWA,4
1582_X5DWGR_1,LLYMAWA,1
1583_X5DWGR_1,LIFAFWC,53
1584_X5DWGR_1,LLYTFWC,14
1585_X5DWGR_1,LLFMFWC,70
1586_X5DWGR_1,C,10
1587_X5DWGR_1,MIFAFWC,17
1588_X5DWGR_1,MLYASYV,20
1589_X5DWGR_1,LLFFWC,2
1590_X5DWGR_1,LLYTVYV,21
1591_X5DWGR_1,LLFMFWG,18
1592_X5DWGR_1,LLYAVYC,19
1593_X5DWGR_1,LLY*VWC,1
1594_X5DWGR_1,LLFLFWC,35
1595_X5DWGR_1,IHAFYC,1
1596_X5DWGR_1,LIYVAYA,9
1597_X5DWGR_1,LLYTVWC,13
1598_X5DWGR_1,LIFAFYC,19
1599_X5DWGR_1,MIFVFWS,3
1600_X5DWGR_1,LYASWC,1
1601_X5DWGR_1,IILAFWC,4
1602_X5DWGR_1,ILFVSYA,1
1603_X5DWGR_1,LLFLVWA,2
1604_X5DWGR_1,LLFMFWA,22
1605_X5DWGR_1,LIFVYC,1
1606_X5DWGR_1,ILYAAYA,1
1607_X5DWGR_1,LILAFWC,24
1608_X5DWGR_1,LLLVFWA,27
1609_X5DWGR_1,HLYTFWA,6
1610_X5DWGR_1,ILYMFYC,5
1611_X5DWGR_1,LLYAAYC,5
1612_X5DWGR_1,ILYLFGA,1
1613_X5DWGR_1,IIFVFWC,30
1614_X5DWGR_1,ILYAS,3
1615_X5DWGR_1,LLYMVYS,1
1616_X5DWGR_1,ILYAFYA,3
1617_X5DWGR_1,IIFVFWA,40
1618_X5DWGR_1,LLFAFGA,1
1619_X5DWGR_1,IIFTFWC,13
1620_X5DWGR_1,MLYAFWS,1
1621_X5DWGR_1,,49
1622_X5DWGR_1,LLLVFWC,13
1623_X5DWGR_1,LLLLFWS,5
1624_X5DWGR_1,LIFTFYC,1
1625_X5DWGR_1,LLFAVWC,22
1626_X5DWGR_1,IIFVAYC,2
1627_X5DWGR_1,ILFLFWV,3
1628_X5DWGR_1,LLFLFWC,35
1629_X5DWGR_1,ILFMFYV,2
1630_X5DWGR_1,LIYVFC,1
1631_X5DWGR_1,LLYAVYC,19
1632_X5DWGR_1,LLYMFYV,3
1633_X5DWGR_1,LIYVFWC,18
1634_X5DWGR_1,IILVF,1
1635_X5DWGR_1,LLFAFWC,10
1636_X5DWGR_1,LIFVVWA,3
1637_X5DWGR_1,LYAFWF,1
1638_X5DWGR_1,LLFMVWA,1
1639_X5DWGR_1,LLYMVYA,13
1640_X5DWGR_1,LLLMFWV,3
1641_X5DWGR_1,LLYAFYV,5
1642_X5DWGR_1,LLFLAYG,1
1643_X5DWGR_1,LLYASYC,19
1644_X5DWGR_1,LIFVAWS,1
1645_X5DWGR_1,QLYTFYA,1
1646_X5DWGR_1,LLYAVA,1
1647_X5DWGR_1,IIYAFWC,8
1648_X5DWGR_1,ILFLFYA,2
1649_X5DWGR_1,LLYAFWC,31
1650_X5DWGR_1,LLFAVWC,22
1651_X5DWGR_1,LIFF,1
1652_X5DWGR_1,,49
1653_X5DWGR_1,LLFVVWA,4
1654_X5DWGR_1,IIYAFWC,8
1655_X5DWGR_1,IIFTFWC,13
1656_X5DWGR_1,LLFMFYC,8
1657_X5DWGR_1,ILYTFWG,2
1658_X5DWGR_1,LLYAAYC,5
1659_X5DWGR_1,LLYMFWS,21
1660_X5DWGR_1,LIYVAYA,9
1661_X5DWGR_1,LLYASWA,4
1662_X5DWGR_1,IIYAAYC,1
1663_X5DWGR_1,LLYLSYC,2
1664_X5DWGR_1,MIFVFWA,7
1665_X5DWGR_1,IIYVSYA,1
1666_X5DWGR_1,LLYASWC,9
1667_X5DWGR_1,IIFVFWA,40
1668_X5DWGR_1,LLFLFWC,35
1669_X5DWGR_1,LIYVF,2
1670_X5DWGR_1,IIYVFYC,2
1671_X5DWGR_1,LLFMFYC,8
1672_X5DWGR_1,MIFVFYC,11
1673_X5DWGR_1,RLYAFWC,1
1674_X5DWGR_1,IIYAAWA,1
1675_X5DWGR_1,QLYAVWA,5
1676_X5DWGR_1,LLYAAYC,5
1677_X5DWGR_1,IIFVFWA,40
1678_X5DWGR_1,LIYVFWA,7
1679_X5DWGR_1,MIFVVYC,3
1680_X5DWGR_1,IIYAFVA,1
1681_X5DWGR_1,LLYVVSL,1
1682_X5DWGR_1,LIFTVYC,1
1683_X5DWGR_1,IIYVFWV,3
1684_X5DWGR_1,LIFAFWC,53
1685_X5DWGR_1,IIFVFWG,2
1686_X5DWGR_1,LLFLFWV,6
1687_X5DWGR_1,LLFLFWA,23
1688_X5DWGR_1,LLYAS,2
1689_X5DWGR_1,LLYTVYV,21
1690_X5DWGR_1,IIYTFWA,4
1691_X5DWGR_1,IIFVFWA,40
1692_X5DWGR_1,LLYTVYV,21
1693_X5DWGR_1,MLFLFWA,3
1694_X5DWGR_1,LLFLFWA,23
1695_X5DWGR_1,LIYVFWC,18
1696_X5DWGR_1,LLFAFWC,10
1697_X5DWGR_1,KLFLVWA,1
1698_X5DWGR_1,LLYTFWC,14
1699_X5DWGR_1,MLYASYV,20
1700_X5DWGR_1,LIFAFWC,53
1701_X5DWGR_1,LLLVFYA,3
1702_X5DWGR_1,LIYVSWC,2
1703_X5DWGR_1,LLFMFWC,70
1704_X5DWGR_1,MIFVFYC,11
1705_X5DWGR_1,MLYASYV,20
1706_X5DWGR_1,LLFVSYC,1
1707_X5DWGR_1,LLYAVWA,7
1708_X5DWGR_1,MIFASYV,1
1709_X5DWGR_1,LLFMFWL,1
1710_X5DWGR_1,MIFAFYV,7
1711_X5DWGR_1,APITVYV,1
1712_X5DWGR_1,IIFVFWV,6
1713_X5DWGR_1,LLYAAWA,3
1714_X5DWGR_1,LIFVFYV,4
1715_X5DWGR_1,LLFMFWC,70
1716_X5DWGR_1,LLFLFWC,35
1717_X5DWGR_1,LLYAVYA,12
1718_X5DWGR_1,ILYAVYC,1
1719_X5DWGR_1,LLYAAYV,2
1720_X5DWGR_1,LLLAAWA,11
1721_X5DWGR_1,LLFASWA,4
1722_X5DWGR_1,LLYLVYC,4
1723_X5DWGR_1,MIFAVYC,1
1724_X5DWGR_1,ILYTVYS,8
1725_X5DWGR_1,LLFMYV,2
1726_X5DWGR_1,LLYASYV,12
1727_X5DWGR_1,LIFAFWC,53
1728_X5DWGR_1,MIFASWA,1
1729_X5DWGR_1,MIFVFWC,9
1730_X5DWGR_1,MIFAFYV,7
1731_X5DWGR_1,MLFLFWA,3
1732_X5DWGR_1,LILAVWA,2
1733_X5DWGR_1,LLYVVYC,7
1734_X5DWGR_1,ILYAVWV,2
1735_X5DWGR_1,LLFVFYG,3
1736_X5DWGR_1,LLYLFWA,3
1737_X5DWGR_1,LLFLFWS,2
1738_X5DWGR_1,LLLVVWC,2
1739_X5DWGR_1,LLYMVWA,5
1740_X5DWGR_1,ILYTVYA,2
1741_X5DWGR_1,ILYLVWA,2
1742_X5DWGR_1,LLLFYV,1
1743_X5DWGR_1,LIYAFYC,3
1744_X5DWGR_1,FWS,3
1745_X5DWGR_1,APG,2
1746_X5DWGR_1,LLFMFYA,3
1747_X5DWGR_1,ILYA,1
1748_X5DWGR_1,LLFAAWA,1
1749_X5DWGR_1,LLLMFWS,5
1750_X5DWGR_1,LFMFWG,1
1751_X5DWGR_1,LLYASYC,19
1752_X5DWGR_1,ILYASYV,26
1753_X5DWGR_1,ILLMFWA,7
1754_X5DWGR_1,LLYAVYV,42
1755_X5DWGR_1,LIYAFWC,12
1756_X5DWGR_1,KLFLFWA,3
1757_X5DWGR_1,LLYAFWG,4
1758_X5DWGR_1,LLYAAYC,5
1759_X5DWGR_1,LLFMFWA,22
1760_X5DWGR_1,LLFLFWC,35
1761_X5DWGR_1,ILYASYV,26
1762_X5DWGR_1,HIFAVWA,1
1763_X5DWGR_1,LLYTVYS,3
1764_X5DWGR_1,LLYMFWC,14
1765_X5DWGR_1,LIFAFWA,33
1766_X5DWGR_1,LYAVYC,1
1767_X5DWGR_1,MLAVWC,1
1768_X5DWGR_1,LLFVFYV,3
1769_X5DWGR_1,MIFVFWA,7
1770_X5DWGR_1,ILYLFWA,9
1771_X5DWGR_1,LIFAF*A,1
1772_X5DWGR_1,LIYVAYA,9
1773_X5DWGR_1,LIFAFCG,1
1774_X5DWGR_1,LLFVFWC,22
1775_X5DWGR_1,LLLMFWC,19
1776_X5DWGR_1,LLYMFYC,5
1777_X5DWGR_1,LIYVFWC,18
1778_X5DWGR_1,LLYTSYV,1
1779_X5DWGR_1,LIYVAYC,13
1780_X5DWGR_1,LLYVFYC,5
1781_X5DWGR_1,LLYTFWA,5
1782_X5DWGR_1,LLFMVYV,6
1783_X5DWGR_1,LLFAV,1
1784_X5DWGR_1,LLYAVYV,42
1785_X5DWGR_1,ILFLVYC,2
1786_X5DWGR_1,LLLVFWC,13
1787_X5DWGR_1,,49
1788_X5DWGR_1,IIPVFWA,1
1789_X5DWGR_1,LLFVFWC,22
1790_X5DWGR_1,LIFAVYV,4
1791_X5DWGR_1,LLYMSYA,2
1792_X5DWGR_1,LLFLFYC,2
1793_X5DWGR_1,MLYAFA,1
1794_X5DWGR_1,IILVFWS,1
1795_X5DWGR_1,LLLLFWA,14
1796_X5DWGR_1,LIFAFYC,19
1797_X5DWGR_1,LLYTVWV,2
1798_X5DWGR_1,LLFMFWC,70
1799_X5DWGR_1,LLFLFWC,35
1800_X5DWGR_1,LIYVFWS,1
1801_X5DWGR_1,MIFVFWC,9
1802_X5DWGR_1,LLYTFYA,3
1803_X5DWGR_1,LLFL,1
1804_X5DWGR_1,LIYAVYC,16
1805_X5DWGR_1,,49
1806_X5DWGR_1,LLFLFWC,35
1807_X5DWGR_1,MLLVFWA,3
1808_X5DWGR_1,IILVFWA,5
1809_X5DWGR_1,LIFASYV,3
1810_X5DWGR_1,LLFVVYV,6
1811_X5DWGR_1,LLFMFWC,70
1812_X5DWGR_1,LLFMFWC,70
1813_X5DWGR_1,LLYLFWC,11
1814_X5DWGR_1,ILFMFWC,5
1815_X5DWGR_1,DIFVFWA,1
1816_X5DWGR_1,LILAFYV,2
1817_X5DWGR_1,HIYAAWA,1
1818_X5DWGR_1,VYC,2
1819_X5DWGR_1,HLYTFWS,1
1820_X5DWGR_1,ILYLFWC,3
1821_X5DWGR_1,LLFMLWC,1
1822_X5DWGR_1,LLAVWA,1
1823_X5DWGR_1,LLFLFWA,23
1824_X5DWGR_1,MLFLFWR,1
1825_X5DWGR_1,LIFAFWC,53
1826_X5DWGR_1,LLFMAYC,2
1827_X5DWGR_1,LLFVVWA,4
1828_X5DWGR_1,ILYTVYS,8
1829_X5DWGR_1,LLFAVYV,5
1830_X5DWGR_1,LLYAFWC,31
1831_X5DWGR_1,HVVVYC,1
1832_X5DWGR_1,LLYTVYG,1
1833_X5DWGR_1,LLYAFWC,31
1834_X5DWGR_1,ILFMFWS,9
1835_X5DWGR_1,LIFAFWV,9
1836_X5DWGR_1,LIYVSYC,3
1837_X5DWGR_1,LIFA,4
1838_X5DWGR_1,GLFI,5
1839_X5DWGR_1,LLYASWV,17
1840_X5DWGR_1,LIFAFWA,33
1841_X5DWGR_1,LLFLFWV,6
1842_X5DWGR_1,LLFMFWS,7
1843_X5DWGR_1,LLFLFWC,35
1844_X5DWGR_1,IIYVFWC,3
1845_X5DWGR_1,IAFYV,1
1846_X5DWGR_1,LLLLFWS,5
1847_X5DWGR_1,ILFLFWC,12
1848_X5DWGR_1,LIFAFWA,33
1849_X5DWGR_1,LILMFWA,2
1850_X5DWGR_1,LLYLVWS,1
1851_X5DWGR_1,LLYAAYV,2
1852_X5DWGR_1,LLYTFWC,14
1853_X5DWGR_1,QLYAVYV,18
1854_X5DWGR_1,LLFMFWV,5
1855_X5DWGR_1,LLFASWC,12
1856_X5DWGR_1,IIFFYC,1
1857_X5DWGR_1,LLLMFWC,19
1858_X5DWGR_1,ILFLFWC,12
1859_X5DWGR_1,ILYAFWC,10
1860_X5DWGR_1,LLYTVYA,13
1861_X5DWGR_1,ILYASYV,26
1862_X5DWGR_1,IIFVFWC,30
1863_X5DWGR_1,IIFVFWC,30
1864_X5DWGR_1,QLYAFWA,2
1865_X5DWGR_1,LLFMFGC,1
1866_X5DWGR_1,LIFAFYC,19
1867_X5DWGR_1,LILAVYA,1
1868_X5DWGR_1,LLLMFYV,3
1869_X5DWGR_1,LLFMFWA,22
1870_X5DWGR_1,LLLTFWC,6
1871_X5DWGR_1,,49
1872_X5DWGR_1,ILLMFYV,1
1873_X5DWGR_1,LLYAVYV,42
1874_X5DWGR_1,IIYASYC,1
1875_X5DWGR_1,LLYAAWG,2
1876_X5DWGR_1,LLYTFWS,6
1877_X5DWGR_1,LLFVAWC,2
1878_X5DWGR_1,MLFMVWC,1
1879_X5DWGR_1,MLFVFYA,1
1880_X5DWGR_1,ALLMFWA,1
1881_X5DWGR_1,KIFVVYC,1
1882_X5DWGR_1,LIYVLWA,1
1883_X5DWGR_1,ILYLFWG,2
1884_X5DWGR_1,LLYAVYV,42
1885_X5DWGR_1,LLFAVWA,10
1886_X5DWGR_1,LIYAVYC,16
1887_X5DWGR_1,LIYAVYC,16
1888_X5DWGR_1,LLLMFYG,1
1889_X5DWGR_1,LIFAVWA,4
1890_X5DWGR_1,QLYMFWA,1
1891_X5DWGR_1,IIYAFWV,2
1892_X5DWGR_1,LLFVFWC,22
1893_X5DWGR_1,QLYAFYV,1
1894_X5DWGR_1,LIYTAWV,1
1895_X5DWGR_1,LIFAFYC,19
1896_X5DWGR_1,LLFMVYA,2
1897_X5DWGR_1,,49
1898_X5DWGR_1,ILFMVWV,1
1899_X5DWGR_1,LLYASWC,9
1900_X5DWGR_1,IIFMFYC,1
1901_X5DWGR_1,LLYMFWS,21
1902_X5DWGR_1,ILYLFWA,9
1903_X5DWGR_1,LLFLVWC,6
1904_X5DWGR_1,LIYAFWS,5
1905_X5DWGR_1,HLYAVWA,7
1906_X5DWGR_1,ILYTFWV,1
1907_X5DWGR_1,LLFMFDV,1
1908_X5DWGR_1,LLFAVWA,10
1909_X5DWGR_1,HLYAFYC,1
1910_X5DWGR_1,LLLTVWC,3
1911_X5DWGR_1,LLFV,2
1912_X5DWGR_1,LLFAVWA,10
1913_X5DWGR_1,LLYAFWA,23
1914_X5DWGR_1,ILFASWC,1
1915_X5DWGR_1,LLYAAYC,5
1916_X5DWGR_1,LIYVVWS,1
1917_X5DWGR_1,MIFAFWC,17
1918_X5DWGR_1,MLYAFWC,8
1919_X5DWGR_1,ILYAVWS,5
1920_X5DWGR_1,LLFMAWA,4
1921_X5DWGR_1,IIFTFWC,13
1922_X5DWGR_1,LLFLFWA,23
1923_X5DWGR_1,FYS,1
1924_X5DWGR_1,LIYAFWV,10
1925_X5DWGR_1,LLYAFWG,4
1926_X5DWGR_1,LIYVFHV,1
1927_X5DWGR_1,LLFAFWA,6
1928_X5DWGR_1,LLFLFWC,35
1929_X5DWGR_1,LLYAFWS,7
1930_X5DWGR_1,LLYAVYC,19
1931_X5DWGR_1,LIYAAYA,2
1932_X5DWGR_1,ILTSWC,1
1933_X5DWGR_1,ILYMFWA,2
1934_X5DWGR_1,MIFTFWC,1
1935_X5DWGR_1,LLLMFFA,1
1936_X5DWGR_1,LLFAVYV,5
1937_X5DWGR_1,LIFAFWC,53
1938_X5DWGR_1,LIFVFWA,13
1939_X5DWGR_1,LLFLFWC,35
1940_X5DWGR_1,LIFAFWC,53
1941_X5DWGR_1,LLLMF*C,1
1942_X5DWGR_1,LLFVVYV,6
1943_X5DWGR_1,LLYMFWS,21
1944_X5DWGR_1,IIFVFYV,3
1945_X5DWGR_1,LLFLAYC,1
1946_X5DWGR_1,IIFVFWA,40
1947_X5DWGR_1,LLYMVYA,13
1948_X5DWGR_1,IIFVAYC,2
1949_X5DWGR_1,LLYAFWA,23
1950_X5DWGR_1,LLYAFWC,31
1951_X5DWGR_1,LIYMVYA,1
1952_X5DWGR_1,IIFVSYV,2
1953_X5DWGR_1,LIFAFWC,53
1954_X5DWGR_1,LLFASWC,12
1955_X5DWGR_1,IIYAFWA,10
1956_X5DWGR_1,IIFAFWA,3
1957_X5DWGR_1,KLFL,1
1958_X5DWGR_1,,49
1959_X5DWGR_1,ILFLFWC,12
1960_X5DWGR_1,LLLMFWC,19
1961_X5DWGR_1,IIFTVYC,2
1962_X5DWGR_1,LILAFWC,24
1963_X5DWGR_1,ILFMFWA,5
1964_X5DWGR_1,LLLAFYV,1
1965_X5DWGR_1,LIYVSYC,3
1966_X5DWGR_1,LIFASWC,2
1967_X5DWGR_1,LLYTFWS,6
1968_X5DWGR_1,MLFLVWA,1
1969_X5DWGR_1,MIFVFWC,9
1970_X5DWGR_1,LLYASWA,4
1971_X5DWGR_1,LLYVFWC,10
1972_X5DWGR_1,KLFLVYC,3
1973_X5DWGR_1,LILAFWC,24
1974_X5DWGR_1,QLYAVYI,1
1975_X5DWGR_1,LLFMFWC,70
1976_X5DWGR_1,LLFLFWC,35
1977_X5DWGR_1,ILYASYV,26
1978_X5DWGR_1,IILTSYC,1
1979_X5DWGR_1,ILFLFWC,12
1980_X5DWGR_1,IIYTFWA,4
1981_X5DWGR_1,LLYVFWS,3
1982_X5DWGR_1,LLYMFWV,4
1983_X5DWGR_1,LIYGVYC,1
1984_X5DWGR_1,LLFMFYV,10
1985_X5DWGR_1,QLYAVYC,4
1986_X5DWGR_1,ILYTVYS,8
1987_X5DWGR_1,MILVFYC,1
1988_X5DWGR_1,ILFMFWG,6
1989_X5DWGR_1,IIFVSWV,1
1990_X5DWGR_1,LLLVFWA,27
1991_X5DWGR_1,MIFAVYA,1
1992_X5DWGR_1,LLYASWV,17
1993_X5DWGR_1,LIFAVYC,6
1994_X5DWGR_1,IIFVFYC,3
1995_X5DWGR_1,LYASYV,1
1996_X5DWGR_1,MIFVFWA,7
1997_X5DWGR_1,LIYASWR,1
1998_X5DWGR_1,LIYVVWC,4
1999_X5DWGR_1,ILYAFWS,3
2000_X5DWGR_1,FLVYC,1
2001_X5DWGR_1,ILFTVYC,1
2002_X5DWGR_1,LLYASWG,4
2003_X5DWGR_1,LLYAFWC,31
2004_X5DWGR_1,LLYMFWC,14
2005_X5DWGR_1,LLYAFWS,7
2006_X5DWGR_1,LLYAFYC,9
2007_X5DWGR_1,AVWF,1
2008_X5DWGR_1,HLYAAWC,1
2009_X5DWGR_1,LIYVFWC,18
2010_X5DWGR_1,MLFVFYV,1
2011_X5DWGR_1,IIFVFWC,30
2012_X5DWGR_1,LLLVFWL,1
2013_X5DWGR_1,MLLVFY,1
2014_X5DWGR_1,LLFISWV,1
2015_X5DWGR_1,ILFMFWC,5
2016_X5DWGR_1,LLYAFYC,9
2017_X5DWGR_1,HLYTFWA,6
2018_X5DWGR_1,LLYLFWL,1
2019_X5DWGR_1,KLFLFWA,3
2020_X5DWGR_1,IIFVSYV,2
2021_X5DWGR_1,LIYVAYC,13
2022_X5DWGR_1,LLFMVWG,3
2023_X5DWGR_1,KLFMFWA,1
2024_X5DWGR_1,LLYLFWC,11
2025_X5DWGR_1,LIYAVWA,2
2026_X5DWGR_1,LILAFYC,6
2027_X5DWGR_1,LLFLAYA,2
2028_X5DWGR_1,LLYTVYC,4
2029_X5DWGR_1,ILYTVYS,8
2030_X5DWGR_1,HFRSWA,1
2031_X5DWGR_1,LLLLFWA,14
2032_X5DWGR_1,FC,1
2033_X5DWGR_1,LLLAAWA,11
2034_X5DWGR_1,LLFLFWS,2
2035_X5DWGR_1,LLYTVYV,21
2036_X5DWGR_1,LIFAFWC,53
2037_X5DWGR_1,LLAAWC,1
2038_X5DWGR_1,LLFAVWC,22
2039_X5DWGR_1,LLLVFWG,2
2040_X5DWGR_1,ILYASWV,2
2041_X5DWGR_1,LLFASWC,12
2042_X5DWGR_1,LQS,1
2043_X5DWGR_1,,49
2044_X5DWGR_1,,49
2045_X5DWGR_1,LLYTQS,1
2046_X5DWGR_1,IIFVFWC,30
2047_X5DWGR_1,LLYMFWA,8
2048_X5DWGR_1,LIFAFWA,33
2049_X5DWGR_1,HLYTVYC,5
2050_X5DWGR_1,ILYAVYV,4
2051_X5DWGR_1,LLFVFYC,7
2052_X5DWGR_1,MLYAFWV,2
2053_X5DWGR_1,IIYAFWC,8
2054_X5DWGR_1,LLYAVYC,19
2055_X5DWGR_1,LLFAVWC,22
2056_X5DWGR_1,MIYAFYS,1
2057_X5DWGR_1,LIFVFWC,11
2058_X5DWGR_1,LLYVFWC,10
2059_X5DWGR_1,LLYMLYS,1
2060_X5DWGR_1,LLLMFWC,19
2061_X5DWGR_1,LIYAFWC,12
2062_X5DWGR_1,IIYAFWA,10
2063_X5DWGR_1,ILFMFWF,1
2064_X5DWGR_1,LLYAVYS,5
2065_X5DWGR_1,LIFAFYC,19
2066_X5DWGR_1,LLLAFYA,1
2067_X5DWGR_1,LLFMFWV,5
2068_X5DWGR_1,LILVFWC,2
2069_X5DWGR_1,LLYTVYV,21
2070_X5DWGR_1,LIFAFWC,53
2071_X5DWGR_1,LLFLFWC,35
2072_X5DWGR_1,LIFAFWC,53
2073_X5DWGR_1,KLFTFWC,1
2074_X5DWGR_1,LIFLVWA,1
2075_X5DWGR_1,LIYAFWC,12
2076_X5DWGR_1,LLFLFWA,23
2077_X5DWGR_1,LLLLVWC,2
2078_X5DWGR_1,LISAFC,1
2079_X5DWGR_1,HLYAFWC,2
2080_X5DWGR_1,LLLMVYV,2
2081_X5DWGR_1,LLLVFWA,27
2082_X5DWGR_1,LLFMFWA,22
2083_X5DWGR_1,ILYASYS,3
2084_X5DWGR_1,LLFMFWV,5
2085_X5DWGR_1,LILAFWC,24
2086_X5DWGR_1,LLLAFWC,7
2087_X5DWGR_1,LIFAFWA,33
2088_X5DWGR_1,LIYVAYV,2
2089_X5DWGR_1,ILYASYC,15
2090_X5DWGR_1,LLYTFYC,1
2091_X5DWGR_1,ILYLFWA,9
2092_X5DWGR_1,IIYAFYF,1
2093_X5DWGR_1,LLFLFWC,35
2094_X5DWGR_1,LLFMFWC,70
2095_X5DWGR_1,LLLVFWA,27
2096_X5DWGR_1,LLFMVWW,1
2097_X5DWGR_1,IIFVFWA,40
2098_X5DWGR_1,LLFAFYC,3
2099_X5DWGR_1,IIFVFWA,40
2100_X5DWGR_1,LLYASWV,17
2101_X5DWGR_1,ILYAAWA,1
2102_X5DWGR_1,MIFAFWA,10
2103_X5DWGR_1,LILAFYC,6
2104_X5DWGR_1,LIFAFWC,53
2105_X5DWGR_1,ILYTFYV,1
2106_X5DWGR_1,LLFLFWV,6
2107_X5DWGR_1,LIYAFYA,3
2108_X5DWGR_1,ILFVFWV,2
2109_X5DWGR_1,ILYSYV,1
2110_X5DWGR_1,LLYMFWA,8
2111_X5DWGR_1,LLLVFWA,27
2112_X5DWGR_1,LYTFWC,1
2113_X5DWGR_1,LIFAFWA,33
2114_X5DWGR_1,HLYTFWC,3
2115_X5DWGR_1,ILYAAWS,1
2116_X5DWGR_1,LLFMFWC,70
2117_X5DWGR_1,IIYVAWS,1
2118_X5DWGR_1,LLYTVYA,13
2119_X5DWGR_1,LLYMFWS,21
2120_X5DWGR_1,LLYMFYC,5
2121_X5DWGR_1,LLYAVYA,12
2122_X5DWGR_1,LLLVFWG,2
2123_X5DWGR_1,LLFVFWA,9
2124_X5DWGR_1,LLFMF*S,1
2125_X5DWGR_1,IIFVFWA,40
2126_X5DWGR_1,LLYLFWC,11
2127_X5DWGR_1,LLYASYC,19
2128_X5DWGR_1,LLYMFWG,6
2129_X5DWGR_1,LLYASWV,17
2130_X5DWGR_1,IIFVVYA,2
2131_X5DWGR_1,MLYAFWC,8
2132_X5DWGR_1,LLFMFWA,22
2133_X5DWGR_1,IIYVFWA,3
2134_X5DWGR_1,QLYAVYV,18
2135_X5DWGR_1,LLLMFWA,6
2136_X5DWGR_1,LLLMVYV,2
2137_X5DWGR_1,LIYVFWC,18
2138_X5DWGR_1,IIYAVYS,1
2139_X5DWGR_1,LLYTVWC,13
2140_X5DWGR_1,ILYTVYS,8
2141_X5DWGR_1,LILAFYC,6
2142_X5DWGR_1,LIFAFWG,5
2143_X5DWGR_1,IIFVFWV,6
2144_X5DWGR_1,LLFASRC,1
2145_X5DWGR_1,LIYAFYA,3
2146_X5DWGR_1,LLYFWA,1
2147_X5DWGR_1,LIYVAYC,13
2148_X5DWGR_1,LIYVFWC,18
2149_X5DWGR_1,LLFVFWA,9
2150_X5DWGR_1,IYAVWA,1
2151_X5DWGR_1,LLYTFWA,5
2152_X5DWGR_1,LIYAFWV,10
2153_X5DWGR_1,ILYMFWG,1
2154_X5DWGR_1,IIYAFWC,8
2155_X5DWGR_1,IIFVFWA,40
2156_X5DWGR_1,LLYMFYS,2
2157_X5DWGR_1,LLYASYA,2
2158_X5DWGR_1,IRVSHC,1
2159_X5DWGR_1,ILFVFRV,1
2160_X5DWGR_1,LLYVFWC,10
2161_X5DWGR_1,IIFVFWA,40
2162_X5DWGR_1,ILYLFYC,2
2163_X5DWGR_1,LILAFYC,6
2164_X5DWGR_1,ILYTVWA,1
2165_X5DWGR_1,LLYAVYV,42
2166_X5DWGR_1,LYTFA,1
2167_X5DWGR_1,LLYASWV,17
2168_X5DWGR_1,LLYMFWS,21
2169_X5DWGR_1,ILYASWA,1
2170_X5DWGR_1,LLYAFWV,10
2171_X5DWGR_1,LIFAFYA,1
2172_X5DWGR_1,LLLMVYC,2
2173_X5DWGR_1,LIYVVYC,3
2174_X5DWGR_1,LLLLFWA,14
2175_X5DWGR_1,LLFAFWC,10
2176_X5DWGR_1,MLFVVYA,1
2177_X5DWGR_1,LLYMFWS,21
2178_X5DWGR_1,LIFAFWC,53
2179_X5DWGR_1,KLFLFWC,17
2180_X5DWGR_1,LIFAFWC,53
2181_X5DWGR_1,LIYVVYC,3
2182_X5DWGR_1,LLLMFWC,19
2183_X5DWGR_1,LLYTVYV,21
2184_X5DWGR_1,LIYAVYG,1
2185_X5DWGR_1,LIYAFWS,5
2186_X5DWGR_1,LLYAFWC,31
2187_X5DWGR_1,MLYAVWA,3
2188_X5DWGR_1,LLLVFWA,27
2189_X5DWGR_1,LLFMAYC,2
2190_X5DWGR_1,LLYTFWA,5
2191_X5DWGR_1,LLLMVYC,2
2192_X5DWGR_1,LLYMAYC,1
2193_X5DWGR_1,MLYAFWC,8
2194_X5DWGR_1,IIFVFWA,40
2195_X5DWGR_1,LIYVFYC,2
2196_X5DWGR_1,LILAVWS,1
2197_X5DWGR_1,DLYASYV,1
2198_X5DWGR_1,LIFAFWC,53
2199_X5DWGR_1,IILAFWC,4
2200_X5DWGR_1,LLLALWC,1
2201_X5DWGR_1,LLLLFWS,5
2202_X5DWGR_1,MLFASWA,1
2203_X5DWGR_1,LLYALWC,1
2204_X5DWGR_1,LLFLFWC,35
2205_X5DWGR_1,LILAFWC,24
2206_X5DWGR_1,HLYTVWC,1
2207_X5DWGR_1,LILAFWC,24
2208_X5DWGR_1,LLFASWV,3
2209_X5DWGR_1,FLFMVYC,1
2210_X5DWGR_1,ILYMFYC,5
2211_X5DWGR_1,LIFAVWA,4
2212_X5DWGR_1,PLYAFYC,1
2213_X5DWGR_1,LLFVFWA,9
2214_X5DWGR_1,LILAVLA,1
2215_X5DWGR_1,LLFMFWC,70
2216_X5DWGR_1,LLYMFWC,14
2217_X5DWGR_1,LIFVFYC,2
2218_X5DWGR_1,LIFTFWA,1
2219_X5DWGR_1,LLYAFWG,4
2220_X5DWGR_1,MLYASYS,1
2221_X5DWGR_1,LIYAVYC,16
2222_X5DWGR_1,VLGSVYV,1
2223_X5DWGR_1,LLLLFWA,14
2224_X5DWGR_1,IIFVVYA,2
2225_X5DWGR_1,LLLVFWA,27
2226_X5DWGR_1,MLFLVYA,1
2227_X5DWGR_1,ILLMFWA,7
2228_X5DWGR_1,IIYAVWA,2
2229_X5DWGR_1,LLFMFYV,10
2230_X5DWGR_1,HLYAVWA,7
2231_X5DWGR_1,IIFTFWV,4
2232_X5DWGR_1,QLFAFWS,1
2233_X5DWGR_1,LLYAFWA,23
2234_X5DWGR_1,LIFAFWC,53
2235_X5DWGR_1,LLFMFWG,18
2236_X5DWGR_1,LLFMSWA,4
2237_X5DWGR_1,MIFAFYV,7
2238_X5DWGR_1,QLYVFYC,1
2239_X5DWGR_1,LIFAFY,2
2240_X5DWGR_1,MLYAFWA,7
2241_X5DWGR_1,LIFVFWA,13
2242_X5DWGR_1,LLLLFYV,5
2243_X5DWGR_1,A,5
2244_X5DWGR_1,LLLMFWC,19
2245_X5DWGR_1,HLYTVYV,6
2246_X5DWGR_1,LLLMFYC,4
2247_X5DWGR_1,LLYAFWC,31
2248_X5DWGR_1,IIFVFWA,40
2249_X5DWGR_1,LLFMFWS,7
2250_X5DWGR_1,LIFAFWV,9
2251_X5DWGR_1,LLLVFWA,27
2252_X5DWGR_1,MLYAFYG,1
2253_X5DWGR_1,LLFVSYV,3
2254_X5DWGR_1,IIFAFYV,1
2255_X5DWGR_1,LIYAFWC,12
2256_X5DWGR_1,ILYTAWA,1
2257_X5DWGR_1,ILLFWA,1
2258_X5DWGR_1,LFMFW,1
2259_X5DWGR_1,IIYTSYV,1
2260_X5DWGR_1,IIYTSC,1
2261_X5DWGR_1,LLYMFWS,21
2262_X5DWGR_1,VYA,1
2263_X5DWGR_1,LIYV,2
2264_X5DWGR_1,LLFLFYC,2
2265_X5DWGR_1,LIFAFWC,53
2266_X5DWGR_1,LLYLFWC,11
2267_X5DWGR_1,MLYMSYC,1
2268_X5DWGR_1,LLLVFWA,27
2269_X5DWGR_1,ILFMFWS,9
2270_X5DWGR_1,LLYAVYF,1
2271_X5DWGR_1,LLFMVYV,6
2272_X5DWGR_1,LLLVFWA,27
2273_X5DWGR_1,LLYAFWA,23
2274_X5DWGR_1,IIFVFWC,30
2275_X5DWGR_1,LLFMFYV,10
2276_X5DWGR_1,LIYAFWA,2
2277_X5DWGR_1,MLYASYV,20
2278_X5DWGR_1,LLLVFYA,3
2279_X5DWGR_1,IIFTSWC,2
2280_X5DWGR_1,IIFTFWC,13
2281_X5DWGR_1,LLYVSWC,5
2282_X5DWGR_1,LLFMSWA,4
2283_X5DWGR_1,HLYTFWC,3
2284_X5DWGR_1,IIYAFWW,1
2285_X5DWGR_1,LLYAVYV,42
2286_X5DWGR_1,LLFMFWC,70
2287_X5DWGR_1,MQFAFWF,1
2288_X5DWGR_1,ILYAFWC,10
2289_X5DWGR_1,LLYASYC,19
2290_X5DWGR_1,LLYVFWC,10
2291_X5DWGR_1,ILLLFYV,1
2292_X5DWGR_1,LLYAVYC,19
2293_X5DWGR_1,LLFMFYA,3
2294_X5DWGR_1,LLFVFYC,7
2295_X5DWGR_1,ILYASWC,2
2296_X5DWGR_1,VLYAVYC,1
2297_X5DWGR_1,LIYVFWC,18
2298_X5DWGR_1,LLYAFWA,23
2299_X5DWGR_1,MLYAFWC,8
2300_X5DWGR_1,ILYAVWV,2
2301_X5DWGR_1,LLFMFWE,1
2302_X5DWGR_1,LLYLVYV,2
2303_X5DWGR_1,MLYAVWA,3
2304_X5DWGR_1,IIYAFYC,9
2305_X5DWGR_1,HLYTF*,1
2306_X5DWGR_1,ILYLFWA,9
2307_X5DWGR_1,MLFLAYV,1
2308_X5DWGR_1,LIFAFWA,33
2309_X5DWGR_1,LLLVVYA,1
2310_X5DWGR_1,LLFMFWC,70
2311_X5DWGR_1,ILLMFWA,7
2312_X5DWGR_1,LIFAFWA,33
2313_X5DWGR_1,LLFMFWC,70
2314_X5DWGR_1,LLFLFWV,6
2315_X5DWGR_1,LLYAFWA,23
2316_X5DWGR_1,IFAFYV,1
2317_X5DWGR_1,LIFAFYC,19
2318_X5DWGR_1,LLLAAWA,11
2319_X5DWGR_1,LILVFYV,1
2320_X5DWGR_1,IIFTFWC,13
2321_X5DWGR_1,LLYTVYA,13
2322_X5DWGR_1,LLFVFWC,22
2323_X5DWGR_1,LLYAFWA,23
2324_X5DWGR_1,LIYVFG,1
2325_X5DWGR_1,LLYAVYS,5
2326_X5DWGR_1,ILYAWA,1
2327_X5DWGR_1,LLYAFWC,31
2328_X5DWGR_1,LLYAFYC,9
2329_X5DWGR_1,MIFAFWC,17
2330_X5DWGR_1,ILFVAWC,1
2331_X5DWGR_1,LLYVFWC,10
2332_X5DWGR_1,LIYVFYV,3
2333_X5DWGR_1,IILAVWS,1
2334_X5DWGR_1,LLYVVWA,2
2335_X5DWGR_1,IIYVFWV,3
2336_X5DWGR_1,EIYVAYA,1
2337_X5DWGR_1,LIYAVYC,16
2338_X5DWGR_1,LIYVFWV,5
2339_X5DWGR_1,LLLVFWA,27
2340_X5DWGR_1,LIFAVYV,4
2341_X5DWGR_1,ILYAFWC,10
2342_X5DWGR_1,FWC,5
2343_X5DWGR_1,LIYAF,2
2344_X5DWGR_1,LIFAFWA,33
2345_X5DWGR_1,KLFLFWC,17
2346_X5DWGR_1,LIYAFWV,10
2347_X5DWGR_1,ILYASYC,15
2348_X5DWGR_1,LLLLFWA,14
2349_X5DWGR_1,ILYASYC,15
2350_X5DWGR_1,LLYLFWC,11
2351_X5DWGR_1,ILFMFWG,6
2352_X5DWGR_1,KIYAFYC,1
2353_X5DWGR_1,LIYVAWC,2
2354_X5DWGR_1,LLFASWA,4
2355_X5DWGR_1,ILYLFWG,2
2356_X5DWGR_1,LLLAVYV,1
2357_X5DWGR_1,LIYVFWV,5
2358_X5DWGR_1,QYGYC,1
2359_X5DWGR_1,LLYAAWA,3
2360_X5DWGR_1,LLFVFWV,5
2361_X5DWGR_1,KLFLFYC,4
2362_X5DWGR_1,LIYVFWA,7
2363_X5DWGR_1,LLYAVWA,7
2364_X5DWGR_1,LLYASYC,19
2365_X5DWGR_1,LIYVFWC,18
2366_X5DWGR_1,LIYAFWC,12
2367_X5DWGR_1,LIYVAYA,9
2368_X5DWGR_1,FLYMVYA,1
2369_X5DWGR_1,IIFVFWA,40
2370_X5DWGR_1,MLYMFWC,3
2371_X5DWGR_1,LLYAAWS,8
2372_X5DWGR_1,LLFVSWA,3
2373_X5DWGR_1,ILFMFWG,6
2374_X5DWGR_1,LIYVFYV,3
2375_X5DWGR_1,LLFMFWC,70
2376_X5DWGR_1,IIFTSWC,2
2377_X5DWGR_1,IIYTSYC,1
2378_X5DWGR_1,QLYAVYV,18
2379_X5DWGR_1,MIFAFWC,17
2380_X5DWGR_1,MIFVFWC,9
2381_X5DWGR_1,IIFVFWC,30
2382_X5DWGR_1,LLFMSWV,1
2383_X5DWGR_1,LIFVFWA,13
2384_X5DWGR_1,LLFLFWC,35
2385_X5DWGR_1,LLYAFWS,7
2386_X5DWGR_1,LLFLVYC,3
2387_X5DWGR_1,HIYVFYV,1
2388_X5DWGR_1,IIFVFWC,30
2389_X5DWGR_1,LIFVFYC,2
2390_X5DWGR_1,IIFAFWC,1
2391_X5DWGR_1,LIFAFWA,33
2392_X5DWGR_1,LVFYV,1
2393_X5DWGR_1,LLLVFYC,6
2394_X5DWGR_1,LLYTVYV,21
2395_X5DWGR_1,LIFVFWV,1
2396_X5DWGR_1,LLLMFWC,19
2397_X5DWGR_1,,49
2398_X5DWGR_1,IIFVFWC,30
2399_X5DWGR_1,LLFLFWV,6
2400_X5DWGR_1,ILYAFYC,4
2401_X5DWGR_1,LLYVAYA,1
2402_X5DWGR_1,IIFVFWA,40
2403_X5DWGR_1,LLFMFWG,18
2404_X5DWGR_1,MIFAFWA,10
2405_X5DWGR_1,LLYLFWC,11
2406_X5DWGR_1,LLFMFWG,18
2407_X5DWGR_1,LFVFYC,1
2408_X5DWGR_1,LIFAFWC,53
2409_X5DWGR_1,LLYAFWA,23
2410_X5DWGR_1,LLYVS,1
2411_X5DWGR_1,VLLMAWG,1
2412_X5DWGR_1,LLFAVYS,2
2413_X5DWGR_1,LLSLFWA,1
2414_X5DWGR_1,ILYLFYA,1
2415_X5DWGR_1,IIYAFWA,10
2416_X5DWGR_1,LIYAVWA,2
2417_X5DWGR_1,IILAFYC,1
2418_X5DWGR_1,ILYAFYC,4
2419_X5DWGR_1,LIYVFYA,2
2420_X5DWGR_1,IIFVFWV,6
2421_X5DWGR_1,LIYVFWC,18
2422_X5DWGR_1,MIYVAWG,1
2423_X5DWGR_1,ILFMFWS,9
2424_X5DWGR_1,IIFVFYC,3
2425_X5DWGR_1,LLYMVYA,13
2426_X5DWGR_1,LLLMSWA,1
2427_X5DWGR_1,YLYAFYV,1
2428_X5DWGR_1,LIFAVWC,4
2429_X5DWGR_1,LLFVFWC,22
2430_X5DWGR_1,ILYASYV,26
2431_X5DWGR_1,MIFVFWS,3
2432_X5DWGR_1,GLFMFWC,1
2433_X5DWGR_1,LLYVVY,2
2434_X5DWGR_1,MIFAFWA,10
2435_X5DWGR_1,LLYTVY,1
2436_X5DWGR_1,LLFMFWF,1
2437_X5DWGR_1,QLYAVYV,18
2438_X5DWGR_1,LPSLFWC,1
2439_X5DWGR_1,LLYAFYS,1
2440_X5DWGR_1,LLFMFWC,70
2441_X5DWGR_1,MIFAFWC,17
2442_X5DWGR_1,ILYLFA,1
2443_X5DWGR_1,LLFVFRV,1
2444_X5DWGR_1,LLYTFYS,2
2445_X5DWGR_1,ILYTFWG,2
2446_X5DWGR_1,LLFAAWS,2
2447_X5DWGR_1,LIYAFWV,10
2448_X5DWGR_1,LLFLFWA,23
2449_X5DWGR_1,LLFVFWA,9
2450_X5DWGR_1,LLYASWV,17
2451_X5DWGR_1,ILFTFWG,2
2452_X5DWGR_1,LLFLFWA,23
2453_X5DWGR_1,HLYLFWC,1
2454_X5DWGR_1,ILYASYV,26
2455_X5DWGR_1,LIYVVYV,1
2456_X5DWGR_1,LLFMFWC,70
2457_X5DWGR_1,LLYAVYC,19
2458_X5DWGR_1,LLFVFWC,22
2459_X5DWGR_1,IIFVFWC,30
2460_X5DWGR_1,LLYAVYC,19
2461_X5DWGR_1,LLFLFWC,35
2462_X5DWGR_1,IIYAFWC,8
2463_X5DWGR_1,IIYALYV,1
2464_X5DWGR_1,LLFLVYV,2
2465_X5DWGR_1,ILFVFWV,2
2466_X5DWGR_1,LLYAVYV,42
2467_X5DWGR_1,LLYASYC,19
2468_X5DWGR_1,LLFMFWC,70
2469_X5DWGR_1,LIFVVWA,3
2470_X5DWGR_1,LIFVFWC,11
2471_X5DWGR_1,LLFMFYC,8
2472_X5DWGR_1,LIYAFSC,1
2473_X5DWGR_1,VYV,1
2474_X5DWGR_1,LLYVVYC,7
2475_X5DWGR_1,LIFAFWA,33
2476_X5DWGR_1,LLYMFWC,14
2477_X5DWGR_1,LLYTVWC,13
2478_X5DWGR_1,KLFLFWC,17
2479_X5DWGR_1,LLYAFWV,10
2480_X5DWGR_1,YTVWV,1
2481_X5DWGR_1,LLFMFWA,22
2482_X5DWGR_1,ILYMFYC,5
2483_X5DWGR_1,LLLVFG,1
2484_X5DWGR_1,QLYAFYA,4
2485_X5DWGR_1,LLFVSW,1
2486_X5DWGR_1,LLYLFWA,3
2487_X5DWGR_1,MLFLFYC,1
2488_X5DWGR_1,ILFMFWS,9
2489_X5DWGR_1,LLAVYV,1
2490_X5DWGR_1,MLYASYV,20
2491_X5DWGR_1,IIYAFYV,2
2492_X5DWGR_1,LLFVSWV,1
2493_X5DWGR_1,LLFAFYA,1
2494_X5DWGR_1,LLYVFWC,10
2495_X5DWGR_1,ILYAFWC,10
2496_X5DWGR_1,LLFMFWC,70
2497_X5DWGR_1,LLFLVYV,2
2498_X5DWGR_1,ILFVFWC,3
2499_X5DWGR_1,ILYAVWA,5
2500_X5DWGR_1,LLFMFWC,70
2501_X5DWGR_1,LIFVFYV,4
2502_X5DWGR_1,QLYAFWW,1
2503_X5DWGR_1,ILFMFWC,5
2504_X5DWGR_1,LLYAFWC,31
2505_X5DWGR_1,LIYAVYC,16
2506_X5DWGR_1,LLYTVYV,21
2507_X5DWGR_1,LIFVFWC,11
2508_X5DWGR_1,MIFVFWC,9
2509_X5DWGR_1,LLYVFWC,10
2510_X5DWGR_1,LLYMFWC,14
2511_X5DWGR_1,LLYASYC,19
2512_X5DWGR_1,ILYASYV,26
2513_X5DWGR_1,LLYMFWG,6
2514_X5DWGR_1,IIFVFYV,3
2515_X5DWGR_1,LYLFWC,1
2516_X5DWGR_1,LLLVVYS,1
2517_X5DWGR_1,ILYAFW,1
2518_X5DWGR_1,ILYAFYA,3
2519_X5DWGR_1,LLYMVWA,5
2520_X5DWGR_1,IIFTFW,1
2521_X5DWGR_1,LLFAFYC,3
2522_X5DWGR_1,ILAFYC,1
2523_X5DWGR_1,LLYTVYV,21
2524_X5DWGR_1,ISTVFWC,1
2525_X5DWGR_1,LLLAAYR,1
2526_X5DWGR_1,LLLLVWC,2
2527_X5DWGR_1,LLFMFWS,7
2528_X5DWGR_1,LIFAFYC,19
2529_X5DWGR_1,LLYTVDA,1
2530_X5DWGR_1,,49
2531_X5DWGR_1,HLYTVYV,6
2532_X5DWGR_1,LLLVFWA,27
2533_X5DWGR_1,QLYAFWA,2
2534_X5DWGR_1,LIFVFWR,1
2535_X5DWGR_1,LLYMSW,1
2536_X5DWGR_1,LLYMFYC,5
2537_X5DWGR_1,IIFVFWA,40
2538_X5DWGR_1,LIFVFWA,13
2539_X5DWGR_1,LLFVSYV,3
2540_X5DWGR_1,IIFVFWA,40
2541_X5DWGR_1,LLYTVYV,21
2542_X5DWGR_1,IIYVFYC,2
2543_X5DWGR_1,LLYAVYC,19
2544_X5DWGR_1,ILFLFWC,12
2545_X5DWGR_1,LLFLVWC,6
2546_X5DWGR_1,KLFLFWC,17
2547_X5DWGR_1,LLFMFWC,70
2548_X5DWGR_1,LLLAAWA,11
2549_X5DWGR_1,QPFYS,1
2550_X5DWGR_1,LLLAFWC,7
2551_X5DWGR_1,LLYTFWS,6
2552_X5DWGR_1,HLYAVWV,2
2553_X5DWGR_1,MIFAFWC,17
2554_X5DWGR_1,QLYAFYW,1
2555_X5DWGR_1,LLYAVWV,1
2556_X5DWGR_1,IIFVFWC,30
2557_X5DWGR_1,IIFVFWC,30
2558_X5DWGR_1,LLLVF,2
2559_X5DWGR_1,MLYASWS,2
2560_X5DWGR_1,LIYAFWV,10
2561_X5DWGR_1,LLFASYV,4
2562_X5DWGR_1,HLYTVYC,5
2563_X5DWGR_1,ILYASWV,2
2564_X5DWGR_1,LLYMVYV,3
2565_X5DWGR_1,LLFMFWC,70
2566_X5DWGR_1,ILFLSWC,1
2567_X5DWGR_1,LIYVFWC,18
2568_X5DWGR_1,LIFAVWA,4
2569_X5DWGR_1,LIYVAYC,13
2570_X5DWGR_1,MLYAVWC,2
2571_X5DWGR_1,MIFAFWC,17
2572_X5DWGR_1,LLFMF,3
2573_X5DWGR_1,HV,1
2574_X5DWGR_1,LIYVAYC,13
2575_X5DWGR_1,LIYAFWC,12
2576_X5DWGR_1,LLFAFWV,3
2577_X5DWGR_1,ILYMFYC,5
2578_X5DWGR_1,ILYASYV,26
2579_X5DWGR_1,LIFAAWC,5
2580_X5DWGR_1,KLFLSYV,1
2581_X5DWGR_1,IILAFYV,1
2582_X5DWGR_1,LLFLFWA,23
2583_X5DWGR_1,ILYAVWA,5
2584_X5DWGR_1,VILVFWA,1
2585_X5DWGR_1,MIFAFYS,1
2586_X5DWGR_1,LLYASYV,12
2587_X5DWGR_1,LLYTFWS,6
2588_X5DWGR_1,ILYASYV,26
2589_X5DWGR_1,LIFAFWC,53
2590_X5DWGR_1,PLYVVWA,1
2591_X5DWGR_1,LILAFWC,24
2592_X5DWGR_1,LLFMFWA,22
2593_X5DWGR_1,LLFVFWC,22
2594_X5DWGR_1,LLYAAWS,8
2595_X5DWGR_1,LLYAVYS,5
2596_X5DWGR_1,LIFAFWC,53
2597_X5DWGR_1,ILFMFWA,5
2598_X5DWGR_1,LLYMFWS,21
2599_X5DWGR_1,LIFVVYV,2
2600_X5DWGR_1,LLFLFWA,23
2601_X5DWGR_1,MIFAFWC,17
2602_X5DWGR_1,LLLMFWA,6
2603_X5DWGR_1,LLYVFWS,3
2604_X5DWGR_1,HLYTFWC,3
2605_X5DWGR_1,LIYAVYV,2
2606_X5DWGR_1,ILFMFWS,9
2607_X5DWGR_1,MIFLFYC,1
2608_X5DWGR_1,LLYTFWC,14
2609_X5DWGR_1,ILYASYC,15
2610_X5DWGR_1,HLYAVLA,1
2611_X5DWGR_1,LLYAVYV,42
2612_X5DWGR_1,LLFMAWA,4
2613_X5DWGR_1,LIYTFWA,1
2614_X5DWGR_1,IIYVVWA,2
2615_X5DWGR_1,QLYAFYS,2
2616_X5DWGR_1,ILYASYC,15
2617_X5DWGR_1,IIYAFYC,9
2618_X5DWGR_1,LLFVFYG,3
2619_X5DWGR_1,MLFAFWA,2
2620_X5DWGR_1,LIFAFYV,5
2621_X5DWGR_1,LLFASYC,3
2622_X5DWGR_1,HLYAVWA,7
2623_X5DWGR_1,LLYTFYA,3
2624_X5DWGR_1,IIYTVWG,1
2625_X5DWGR_1,LLFAVWA,10
2626_X5DWGR_1,LLFLFWG,2
2627_X5DWGR_1,ILASYV,1
2628_X5DWGR_1,IIFVFWA,40
2629_X5DWGR_1,LLFMFWC,70
2630_X5DWGR_1,LLFMFWC,70
2631_X5DWGR_1,LLYASYV,12
2632_X5DWGR_1,ILYASYA,3
2633_X5DWGR_1,LLFTFYC,1
2634_X5DWGR_1,LLFLFWC,35
2635_X5DWGR_1,MIFAFWC,17
2636_X5DWGR_1,MIFVFYC,11
2637_X5DWGR_1,IIFVFWA,40
2638_X5DWGR_1,LLFLFWA,23
2639_X5DWGR_1,ILFMVYC,1
2640_X5DWGR_1,IIFAFWA,3
2641_X5DWGR_1,LLLMFWA,6
2642_X5DWGR_1,LLFAFYV,2
2643_X5DWGR_1,LLYMSYA,2
2644_X5DWGR_1,IIFVFWP,1
2645_X5DWGR_1,LLYAVYA,12
2646_X5DWGR_1,LLYMVWA,5
2647_X5DWGR_1,ILYMFYC,5
2648_X5DWGR_1,IIFVFWC,30
2649_X5DWGR_1,WLLVFWA,1
2650_X5DWGR_1,IIYAFYG,1
2651_X5DWGR_1,IIYVAWC,2
2652_X5DWGR_1,ILYTVYS,8
2653_X5DWGR_1,LLFMVYA,2
2654_X5DWGR_1,LLFMFHV,1
2655_X5DWGR_1,IIYAFWC,8
2656_X5DWGR_1,MIFAFYV,7
2657_X5DWGR_1,LILAAYC,1
2658_X5DWGR_1,LLYASWV,17
2659_X5DWGR_1,LLFTFWC,2
2660_X5DWGR_1,LLYMFWG,6
2661_X5DWGR_1,LLFVVWA,4
2662_X5DWGR_1,ILYLFWA,9
2663_X5DWGR_1,MIFAFYC,3
2664_X5DWGR_1,IIYAFYA,3
2665_X5DWGR_1,LLFMFWA,22
2666_X5DWGR_1,LLFAVWC,22
2667_X5DWGR_1,ILFVFWC,3
2668_X5DWGR_1,IIFTVYV,1
2669_X5DWGR_1,LILAAWA,2
2670_X5DWGR_1,IIFVVYC,2
2671_X5DWGR_1,LLYMFW,1
2672_X5DWGR_1,LIYAVC,1
2673_X5DWGR_1,QLYAVYV,18
2674_X5DWGR_1,LLLVFWC,13
2675_X5DWGR_1,IIFVVWV,2
2676_X5DWGR_1,LLFVFYV,3
2677_X5DWGR_1,MIFVFYC,11
2678_X5DWGR_1,LIFAFWA,33
2679_X5DWGR_1,LLFASWC,12
2680_X5DWGR_1,LILAVYC,2
2681_X5DWGR_1,SWC,2
2682_X5DWGR_1,LLYMFWC,14
2683_X5DWGR_1,ILFMFYC,4
2684_X5DWGR_1,LLYMFWC,14
2685_X5DWGR_1,LLYMFWC,14
2686_X5DWGR_1,LLYLS,1
2687_X5DWGR_1,LLYAVWC,9
2688_X5DWGR_1,LIFAAWC,5
2689_X5DWGR_1,MLFLFYV,1
2690_X5DWGR_1,MIFVFWA,7
2691_X5DWGR_1,FLFLFWC,1
2692_X5DWGR_1,QLYAVYC,4
2693_X5DWGR_1,LLFAV*A,1
2694_X5DWGR_1,IIYVAWC,2
2695_X5DWGR_1,LLYTVYV,21
2696_X5DWGR_1,KLFLFYC,4
2697_X5DWGR_1,LLYLFYG,1
2698_X5DWGR_1,,49
2699_X5DWGR_1,IIFTFWC,13
2700_X5DWGR_1,LLLVFWA,27
2701_X5DWGR_1,MLFLFWV,1
2702_X5DWGR_1,LYTVYA,1
2703_X5DWGR_1,IVFWC,1
2704_X5DWGR_1,ILYMFG,1
2705_X5DWGR_1,LLLVFWC,13
2706_X5DWGR_1,IIFVFC,2
2707_X5DWGR_1,LVSVAYC,1
2708_X5DWGR_1,LLYAFYC,9
2709_X5DWGR_1,LLYAVYC,19
2710_X5DWGR_1,LLLVFWC,13
2711_X5DWGR_1,MIFAFWG,2
2712_X5DWGR_1,LIFAFWC,53
2713_X5DWGR_1,LLYAFWV,10
2714_X5DWGR_1,LLLVFWA,27
2715_X5DWGR_1,,49
2716_X5DWGR_1,LIVAWA,1
2717_X5DWGR_1,IIFVYYV,1
2718_X5DWGR_1,LIYMSYC,1
2719_X5DWGR_1,LLFLVWC,6
2720_X5DWGR_1,LLYTWC,1
2721_X5DWGR_1,MIFVVYV,1
2722_X5DWGR_1,LLYTFWS,6
2723_X5DWGR_1,LLYAVYV,42
2724_X5DWGR_1,LIYAF,2
2725_X5DWGR_1,LLLLFYV,5
2726_X5DWGR_1,M,1
2727_X5DWGR_1,LLLMFWC,19
2728_X5DWGR_1,LLLFWC,1
2729_X5DWGR_1,LILAFWV,3
2730_X5DWGR_1,KLFLFYC,4
2731_X5DWGR_1,LFMFWA,1
2732_X5DWGR_1,LLYVVRL,1
2733_X5DWGR_1,IIYVFYV,4
2734_X5DWGR_1,,49
2735_X5DWGR_1,LLYAVYV,42
2736_X5DWGR_1,LLYAVWC,9
2737_X5DWGR_1,LYMFYV,1
2738_X5DWGR_1,LIFAVYC,6
2739_X5DWGR_1,LIYAVWC,4
2740_X5DWGR_1,LLMSWC,1
2741_X5DWGR_1,LLLVFYV,3
2742_X5DWGR_1,LLFLAYA,2
2743_X5DWGR_1,LLFVFWC,22
2744_X5DWGR_1,LIFASYA,2
2745_X5DWGR_1,C,10
2746_X5DWGR_1,QLYAFYC,2
2747_X5DWGR_1,ILFVFWA,8
2748_X5DWGR_1,IIYAFYA,3
2749_X5DWGR_1,LLYAFYV,5
2750_X5DWGR_1,FLYAVYC,1
2751_X5DWGR_1,LLYVVWC,1
2752_X5DWGR_1,LLYASWV,17
2753_X5DWGR_1,LLFMSYC,2
2754_X5DWGR_1,MIYAFWA,1
2755_X5DWGR_1,IIFVFWA,40
2756_X5DWGR_1,IIFVFWC,30
2757_X5DWGR_1,MIFAFWA,10
2758_X5DWGR_1,IIFVVYC,2
2759_X5DWGR_1,ILYASYV,26
2760_X5DWGR_1,LLFAVWG,1
2761_X5DWGR_1,LLYAFYC,9
2762_X5DWGR_1,LLFMVWG,3
2763_X5DWGR_1,ILFVFWA,8
2764_X5DWGR_1,LIYVAWF,1
2765_X5DWGR_1,LIFAAWC,5
2766_X5DWGR_1,,49
2767_X5DWGR_1,LLLVSYC,1
2768_X5DWGR_1,HLYAVYC,2
2769_X5DWGR_1,LLYTVWC,13
2770_X5DWGR_1,ILYASYA,3
2771_X5DWGR_1,KLFLFWC,17
2772_X5DWGR_1,LIFAFWA,33
2773_X5DWGR_1,LLLAAWS,1
2774_X5DWGR_1,LLYASWC,9
2775_X5DWGR_1,ILFLFWC,12
2776_X5DWGR_1,FWG,2
2777_X5DWGR_1,LLFLFWA,23
2778_X5DWGR_1,QLYAVWA,5
2779_X5DWGR_1,LLYMFWA,8
2780_X5DWGR_1,MLYMFWA,1
2781_X5DWGR_1,LLLMSWC,2
2782_X5DWGR_1,LLYAFWC,31
2783_X5DWGR_1,LLFLFC,4
2784_X5DWGR_1,ILYAFYC,4
2785_X5DWGR_1,,49
2786_X5DWGR_1,LNVSWC,1
2787_X5DWGR_1,LIFVVWA,3
2788_X5DWGR_1,GLFI,5
2789_X5DWGR_1,IIYL,1
2790_X5DWGR_1,LLYMFYA,3
2791_X5DWGR_1,LLYTSWC,2
2792_X5DWGR_1,LPFVFWR,1
2793_X5DWGR_1,ILYASYA,3
2794_X5DWGR_1,LLFASWC,12
2795_X5DWGR_1,LIYAVYC,16
2796_X5DWGR_1,MLYASYV,20
2797_X5DWGR_1,HLYAVWV,2
2798_X5DWGR_1,MIFVFYV,2
2799_X5DWGR_1,MLFLFWA,3
2800_X5DWGR_1,MLYVVYV,1
2801_X5DWGR_1,ILYAVWA,5
2802_X5DWGR_1,KLFLVYC,3
2803_X5DWGR_1,MLYAFWA,7
2804_X5DWGR_1,ILLMFWG,1
2805_X5DWGR_1,LIYVFWC,18
2806_X5DWGR_1,LILAVWC,2
2807_X5DWGR_1,IIFVFWN,1
2808_X5DWGR_1,ILLMAWV,1
2809_X5DWGR_1,LLYTVYA,13
2810_X5DWGR_1,LIYVFWA,7
2811_X5DWGR_1,LLFAFFV,1
2812_X5DWGR_1,MLYASYV,20
2813_X5DWGR_1,MIFAVWC,3
2814_X5DWGR_1,LLFMFWA,22
2815_X5DWGR_1,ILYASYV,26
2816_X5DWGR_1,LIYVFWC,18
2817_X5DWGR_1,LLFMFWC,70
2818_X5DWGR_1,LLFAVWC,22
2819_X5DWGR_1,LIYAFWV,10
2820_X5DWGR_1,GLFI,5
2821_X5DWGR_1,LIFAFYC,19
2822_X5DWGR_1,LLYMFWA,8
2823_X5DWGR_1,LLLMFWC,19
2824_X5DWGR_1,LLFMF,3
2825_X5DWGR_1,LIFAFWC,53
2826_X5DWGR_1,LLFASYV,4
2827_X5DWGR_1,LLFMFWV,5
2828_X5DWGR_1,MIFVVYA,1
2829_X5DWGR_1,IIYVFYV,4
2830_X5DWGR_1,LLYAFYV,5
2831_X5DWGR_1,FWC,5
2832_X5DWGR_1,LIFAFYC,19
2833_X5DWGR_1,LLYLSWC,1
2834_X5DWGR_1,LIYVAYA,9
2835_X5DWGR_1,LLLLFWA,14
2836_X5DWGR_1,LLFMFWC,70
2837_X5DWGR_1,,49
2838_X5DWGR_1,IIFVFWA,40
2839_X5DWGR_1,IIFVFYC,3
2840_X5DWGR_1,LLYTVYA,13
2841_X5DWGR_1,LLYAVYA,12
2842_X5DWGR_1,LLYAFWC,31
2843_X5DWGR_1,MIFAFWA,10
2844_X5DWGR_1,LIFAFWC,53
2845_X5DWGR_1,LLLTVWC,3
2846_X5DWGR_1,LLLAAYV,2
2847_X5DWGR_1,LIFASYC,1
2848_X5DWGR_1,LLYAVWS,1
2849_X5DWGR_1,LLFMFWC,70
2850_X5DWGR_1,IIFVFWA,40
2851_X5DWGR_1,KLFLAWC,1
2852_X5DWGR_1,KLFLFYA,1
2853_X5DWGR_1,ILYASYC,15
2854_X5DWGR_1,KLFLFWC,17
2855_X5DWGR_1,LILAVWA,2
2856_X5DWGR_1,KLFLFWC,17
2857_X5DWGR_1,LLFMFLC,1
2858_X5DWGR_1,IIFLFWA,1
2859_X5DWGR_1,LLFVFWC,22
2860_X5DWGR_1,LLFLVYC,3
2861_X5DWGR_1,IIYAFYV,2
2862_X5DWGR_1,LLFLFWC,35
2863_X5DWGR_1,LLFMVYC,4
2864_X5DWGR_1,LLYMVYV,3
2865_X5DWGR_1,LLFASWV,3
2866_X5DWGR_1,HLYTVYC,5
2867_X5DWGR_1,LLYTVWS,2
2868_X5DWGR_1,ILFLFYC,1
2869_X5DWGR_1,LLFLFWC,35
2870_X5DWGR_1,LLFMFYV,10
2871_X5DWGR_1,ILYVFYC,1
2872_X5DWGR_1,LLFASWC,12
2873_X5DWGR_1,LLFVFWC,22
2874_X5DWGR_1,LLYMFWS,21
2875_X5DWGR_1,IIFTVWV,1
2876_X5DWGR_1,ILFMFWS,9
2877_X5DWGR_1,LLYAFYC,9
2878_X5DWGR_1,LLLAAWA,11
2879_X5DWGR_1,LIFAFWS,3
2880_X5DWGR_1,QLYAFYS,2
2881_X5DWGR_1,LIYVFWC,18
2882_X5DWGR_1,HLYTVYV,6
2883_X5DWGR_1,LLYAAWC,4
2884_X5DWGR_1,LLYTVYV,21
2885_X5DWGR_1,LLFLFWC,35
2886_X5DWGR_1,LLYTFWC,14
2887_X5DWGR_1,LLFLVWC,6
2888_X5DWGR_1,YAFWC,1
2889_X5DWGR_1,LLYAFWC,31
2890_X5DWGR_1,LIFAFYV,5
2891_X5DWGR_1,MLYLVYV,1
2892_X5DWGR_1,LLLVVWC,2
2893_X5DWGR_1,LLLAAYA,2
2894_X5DWGR_1,LIFAAWC,5
2895_X5DWGR_1,IIFVFC,2
2896_X5DWGR_1,QLYAVYA,1
2897_X5DWGR_1,LLFMVYV,6
2898_X5DWGR_1,LLFVFYC,7
2899_X5DWGR_1,LLLAVWC,1
2900_X5DWGR_1,ILFMFWV,1
2901_X5DWGR_1,LLFMFWC,70
2902_X5DWGR_1,LLYAVP,1
2903_X5DWGR_1,LLFLFC,4
2904_X5DWGR_1,HLYTVYA,1
2905_X5DWGR_1,LIFAFWV,9
2906_X5DWGR_1,LLYAVYV,42
2907_X5DWGR_1,LIYVAWA,2
2908_X5DWGR_1,ILYLFWV,1
2909_X5DWGR_1,LLFASWC,12
2910_X5DWGR_1,IIFVFWC,30
2911_X5DWGR_1,LLYAFYC,9
2912_X5DWGR_1,LLYAFWC,31
2913_X5DWGR_1,LLLVVWA,1
2914_X5DWGR_1,LLYVVYC,7
2915_X5DWGR_1,LLFLFWC,35
2916_X5DWGR_1,LLLAFWA,2
2917_X5DWGR_1,LLFMFWC,70
2918_X5DWGR_1,QLYAVWC,7
2919_X5DWGR_1,HLYTVYV,6
2920_X5DWGR_1,ILYAVWC,4
2921_X5DWGR_1,LLFLFWC,35
2922_X5DWGR_1,ILFVFWA,8
2923_X5DWGR_1,LYAVYA,1
2924_X5DWGR_1,IIYVFYR,1
2925_X5DWGR_1,LILAFYA,1
2926_X5DWGR_1,LLFMFWC,70
2927_X5DWGR_1,LVVFWA,1
2928_X5DWGR_1,LIFAFWA,33
2929_X5DWGR_1,LILAVYC,2
2930_X5DWGR_1,MLYAFWC,8
2931_X5DWGR_1,LLYTFYA,3
2932_X5DWGR_1,LIFAFWC,53
2933_X5DWGR_1,MIFASYC,1
2934_X5DWGR_1,MLFAFWA,2
2935_X5DWGR_1,LIFAFWC,53
2936_X5DWGR_1,LLYVFYC,5
2937_X5DWGR_1,QIYVFYA,2
2938_X5DWGR_1,QIYTVYV,1
2939_X5DWGR_1,LIFAVYC,6
2940_X5DWGR_1,MLFVFC,1
2941_X5DWGR_1,LLFMAWA,4
2942_X5DWGR_1,LLFMFWA,22
2943_X5DWGR_1,LIYAFYV,3
2944_X5DWGR_1,QLYAVYV,18
2945_X5DWGR_1,LLYASYV,12
2946_X5DWGR_1,LLYMFWC,14
2947_X5DWGR_1,LLYLVWC,1
2948_X5DWGR_1,IIYVSWV,1
2949_X5DWGR_1,LLLASYC,3
2950_X5DWGR_1,MIFVFWA,7
2951_X5DWGR_1,LLFAVWC,22
2952_X5DWGR_1,LLYAVYC,19
2953_X5DWGR_1,LLYAVYV,42
2954_X5DWGR_1,ILYLSYV,1
2955_X5DWGR_1,LLYTVYV,21
2956_X5DWGR_1,LLYAVYA,12
2957_X5DWGR_1,LIFAFLV,1
2958_X5DWGR_1,LIFAFWA,33
2959_X5DWGR_1,IIYAFYC,9
2960_X5DWGR_1,LIFVVWC,1
2961_X5DWGR_1,LLYMVYV,3
2962_X5DWGR_1,LLLVFWC,13
2963_X5DWGR_1,LLLVFWA,27
2964_X5DWGR_1,LLFVFWA,9
2965_X5DWGR_1,LLLAAWA,11
2966_X5DWGR_1,LLYVVYS,1
2967_X5DWGR_1,MIFVFYC,11
2968_X5DWGR_1,LIFAVYC,6
2969_X5DWGR_1,LLYAFWC,31
2970_X5DWGR_1,LIFAFWC,53
2971_X5DWGR_1,IIFFWC,1
2972_X5DWGR_1,IIYAFYC,9
2973_X5DWGR_1,QLYAVYV,18
2974_X5DWGR_1,LLFAVYV,5
2975_X5DWGR_1,LLYAVYV,42
2976_X5DWGR_1,LIYLFWC,1
2977_X5DWGR_1,LIFAFWA,33
2978_X5DWGR_1,LLFAFWC,10
2979_X5DWGR_1,LLLMFW,1
2980_X5DWGR_1,KLFLFWC,17
2981_X5DWGR_1,LIFAFYC,19
2982_X5DWGR_1,LLYLFYC,2
2983_X5DWGR_1,ILFMSWA,1
2984_X5DWGR_1,MLYAFWC,8
2985_X5DWGR_1,LLYAFWC,31
2986_X5DWGR_1,LLFAVWC,22
2987_X5DWGR_1,LLFAVWC,22
2988_X5DWGR_1,LLFAVWA,10
2989_X5DWGR_1,LLYAVWC,9
2990_X5DWGR_1,LIYVFWC,18
2991_X5DWGR_1,LIYVAYC,13
2992_X5DWGR_1,LLLMFYV,3
2993_X5DWGR_1,LLFMFWC,70
2994_X5DWGR_1,LIYVAYA,9
2995_X5DWGR_1,QLYAVWC,7
2996_X5DWGR_1,LLYAFWA,23
2997_X5DWGR_1,LLYAVWC,9
2998_X5DWGR_1,FWA,3
2999_X5DWGR_1,QIFAFWS,1
3000_X5DWGR_1,LLLLFWV,1
3001_X5DWGR_1,LLYAFYV,5
3002_X5DWGR_1,QIYVFYA,2
3003_X5DWGR_1,LIFAVYV,4
3004_X5DWGR_1,IIFVWA,1
3005_X5DWGR_1,LLFASWA,4
3006_X5DWGR_1,IIFVFWC,30
3007_X5DWGR_1,MLLVFWA,3
3008_X5DWGR_1,LLYMFWS,21
3009_X5DWGR_1,LLYAAWS,8
3010_X5DWGR_1,MIFVFWC,9
3011_X5DWGR_1,LIFAFWC,53
3012_X5DWGR_1,LLYFWV,1
3013_X5DWGR_1,LLYMFWA,8
3014_X5DWGR_1,QLYAVWC,7
3015_X5DWGR_1,LLYMSWS,1
3016_X5DWGR_1,LIYVAYV,2
3017_X5DWGR_1,LLFMAWC,1
3018_X5DWGR_1,MLFVFWC,3
3019_X5DWGR_1,ILYASYC,15
3020_X5DWGR_1,LLFMFWC,70
3021_X5DWGR_1,LIYAVYC,16
3022_X5DWGR_1,KLFMFWG,1
3023_X5DWGR_1,LLFMFWC,70
3024_X5DWGR_1,LLFVFYC,7
3025_X5DWGR_1,LLLAAYV,2
3026_X5DWGR_1,ILYAVWS,5
3027_X5DWGR_1,C,10
3028_X5DWGR_1,LIFAFWA,33
3029_X5DWGR_1,IIYAVWC,2
3030_X5DWGR_1,LLFMFWG,18
3031_X5DWGR_1,LLYAFWA,23
3032_X5DWGR_1,IIFTFWG,2
3033_X5DWGR_1,IIFVFWS,3
3034_X5DWGR_1,LLFMFWA,22
3035_X5DWGR_1,MLYAFWV,2
3036_X5DWGR_1,LLYLFWS,1
3037_X5DWGR_1,LLYASYC,19
3038_X5DWGR_1,LLFLFWA,23
3039_X5DWGR_1,LLFLVYA,1
3040_X5DWGR_1,LLLVFWV,1
3041_X5DWGR_1,YLYTVYC,1
3042_X5DWGR_1,LLFAFWC,10
3043_X5DWGR_1,HLYASYV,1
3044_X5DWGR_1,LLFLSYV,1
3045_X5DWGR_1,IIFTFYV,2
3046_X5DWGR_1,QLYTVYG,1
3047_X5DWGR_1,LLYTVWA,3
3048_X5DWGR_1,IIYAFYC,9
3049_X5DWGR_1,LLFAFWA,6
3050_X5DWGR_1,MLYASYV,20
3051_X5DWGR_1,LLYASYC,19
3052_X5DWGR_1,LLYASWG,4
3053_X5DWGR_1,ILYASYV,26
3054_X5DWGR_1,LLYMAWS,1
3055_X5DWGR_1,LIFAFWV,9
3056_X5DWGR_1,MLYAVWC,2
3057_X5DWGR_1,LLYLFWC,11
3058_X5DWGR_1,LLYAFWC,31
3059_X5DWGR_1,PLASC,1
3060_X5DWGR_1,LIYVAYC,13
3061_X5DWGR_1,LLLAVWA,2
3062_X5DWGR_1,LLLMFWC,19
3063_X5DWGR_1,HLYTFWA,6
3064_X5DWGR_1,LILAFWA,3
3065_X5DWGR_1,WA,1
3066_X5DWGR_1,LLYMFYV,3
3067_X5DWGR_1,IIFVFWC,30
3068_X5DWGR_1,LLYAFWV,10
3069_X5DWGR_1,LIYAVYC,16
3070_X5DWGR_1,IIYVFYV,4
3071_X5DWGR_1,MLYAAWV,1
3072_X5DWGR_1,LIYAFWS,5
3073_X5DWGR_1,LLLLFWS,5
3074_X5DWGR_1,ILYASYV,26
3075_X5DWGR_1,ILYAVYV,4
3076_X5DWGR_1,IIFVFWA,40
3077_X5DWGR_1,ILYASYC,15
3078_X5DWGR_1,MLYAFWA,7
3079_X5DWGR_1,QLYAFWC,2
3080_X5DWGR_1,LLYAFWC,31
3081_X5DWGR_1,ILFAFYV,1
3082_X5DWGR_1,MLFLVW,1
3083_X5DWGR_1,LLLTFWC,6
3084_X5DWGR_1,LIFAFWA,33
3085_X5DWGR_1,LIYAVWC,4
3086_X5DWGR_1,MIFAFWG,2
3087_X5DWGR_1,ILYAFWS,3
3088_X5DWGR_1,MLYAV,1
3089_X5DWGR_1,LLYAVWG,2
3090_X5DWGR_1,LLYAFWC,31
3091_X5DWGR_1,LIYVFWV,5
3092_X5DWGR_1,LIFAFWC,53
3093_X5DWGR_1,LIYVSWC,2
3094_X5DWGR_1,MIFVFWA,7
3095_X5DWGR_1,LLLLFWA,14
3096_X5DWGR_1,MLYASYV,20
3097_X5DWGR_1,LIFAFWA,33
3098_X5DWGR_1,LILAFWC,24
3099_X5DWGR_1,LLFMFC,2
3100_X5DWGR_1,LYTFYV,1
3101_X5DWGR_1,LYAVYV,2
3102_X5DWGR_1,LILAFLA,1
3103_X5DWGR_1,ILYMFWC,4
3104_X5DWGR_1,LLYAVYC,19
3105_X5DWGR_1,LLLLSWG,1
3106_X5DWGR_1,LLYTSWV,1
3107_X5DWGR_1,ILFASWV,1
3108_X5DWGR_1,LLFMFWC,70
3109_X5DWGR_1,LLYVVWA,2
3110_X5DWGR_1,LLFASWC,12
3111_X5DWGR_1,LLFV,2
3112_X5DWGR_1,,49
3113_X5DWGR_1,LIFA,4
3114_X5DWGR_1,IIFVAWA,1
3115_X5DWGR_1,LLLAA*A,1
3116_X5DWGR_1,LLFASC,2
3117_X5DWGR_1,LLFLVWC,6
3118_X5DWGR_1,LLFMFG,1
3119_X5DWGR_1,LLYMFWC,14
3120_X5DWGR_1,ILYAFWG,1
3121_X5DWGR_1,ILYAFWC,10
3122_X5DWGR_1,LLYASYC,19
3123_X5DWGR_1,ILYMVYS,1
3124_X5DWGR_1,LIFAFWC,53
3125_X5DWGR_1,IIFVFWA,40
3126_X5DWGR_1,LIYAVWC,4
3127_X5DWGR_1,LLFAVWC,22
3128_X5DWGR_1,MIFVFWS,3
3129_X5DWGR_1,LLFVFWA,9
3130_X5DWGR_1,LLFMSWA,4
3131_X5DWGR_1,HLYAVWA,7
3132_X5DWGR_1,MIFAFWC,17
3133_X5DWGR_1,LLYASYV,12
3134_X5DWGR_1,LLFVFWC,22
3135_X5DWGR_1,KLFLFW,1
3136_X5DWGR_1,HLYTFWA,6
3137_X5DWGR_1,IILVFWA,5
3138_X5DWGR_1,LACYA,1
3139_X5DWGR_1,ILYAVWG,1
3140_X5DWGR_1,LLLLFWA,14
3141_X5DWGR_1,LLLMVWA,1
3142_X5DWGR_1,LIFAFWC,53
3143_X5DWGR_1,MIFVFYC,11
3144_X5DWGR_1,LLFMFWG,18
3145_X5DWGR_1,IIYAVWA,2
3146_X5DWGR_1,IIFTFWG,2
3147_X5DWGR_1,LLFAFWA,6
3148_X5DWGR_1,MIFAFWS,1
3149_X5DWGR_1,LLYMFWC,14
3150_X5DWGR_1,ITVYS,1
3151_X5DWGR_1,PA,1
3152_X5DWGR_1,MIFVFYC,11
3153_X5DWGR_1,KLFLFWC,17
3154_X5DWGR_1,MLYVVWC,1
